district,action_type,skill,action_score,demand_jobs,allocated_training_seats,priority_band,recommendation,reason
Ahmednagar,PRIORITY_SKILL,PRV039,1.0,25,0,HIGH_PRIORITY,Expand or strengthen training capacity.,PRV039 shows meaningful observed demand with limited local training capacity.
Ahmednagar,PRIORITY_SKILL,PRV034,0.986,24,0,HIGH_PRIORITY,Expand or strengthen training capacity.,PRV034 shows meaningful observed demand with limited local training capacity.
Ahmednagar,PRIORITY_SKILL,PRV038,0.986,24,0,HIGH_PRIORITY,Expand or strengthen training capacity.,PRV038 shows meaningful observed demand with limited local training capacity.
Ahmednagar,PRIORITY_SKILL,PRV037,0.972,23,0,HIGH_PRIORITY,Expand or strengthen training capacity.,PRV037 shows meaningful observed demand with limited local training capacity.
Ahmednagar,PRIORITY_SKILL,SK004,0.958,22,0,HIGH_PRIORITY,Expand or strengthen training capacity.,SK004 shows meaningful observed demand with limited local training capacity.
Ahmednagar,PRIORITY_SKILL,SK011,0.958,22,0,HIGH_PRIORITY,Expand or strengthen training capacity.,SK011 shows meaningful observed demand with limited local training capacity.
Ahmednagar,PRIORITY_SKILL,SK026,0.958,22,0,HIGH_PRIORITY,Expand or strengthen training capacity.,SK026 shows meaningful observed demand with limited local training capacity.
Ahmednagar,PRIORITY_SKILL,SK029,0.958,22,0,HIGH_PRIORITY,Expand or strengthen training capacity.,SK029 shows meaningful observed demand with limited local training capacity.
Ahmednagar,PRIORITY_SKILL,SK031,0.958,22,0,HIGH_PRIORITY,Expand or strengthen training capacity.,SK031 shows meaningful observed demand with limited local training capacity.
Ahmednagar,PRIORITY_SKILL,PRV040,0.944,21,0,HIGH_PRIORITY,Expand or strengthen training capacity.,PRV040 shows meaningful observed demand with limited local training capacity.
Akola,PRIORITY_SKILL,SK002,1.0,4,0,HIGH_PRIORITY,Expand or strengthen training capacity.,SK002 shows meaningful observed demand with limited local training capacity.
Akola,PRIORITY_SKILL,SK024,1.0,4,0,HIGH_PRIORITY,Expand or strengthen training capacity.,SK024 shows meaningful observed demand with limited local training capacity.
Akola,PRIORITY_SKILL,PRV006,0.912,3,0,HIGH_PRIORITY,Expand or strengthen training capacity.,PRV006 shows meaningful observed demand with limited local training capacity.
Akola,PRIORITY_SKILL,PRV014,0.912,3,0,HIGH_PRIORITY,Expand or strengthen training capacity.,PRV014 shows meaningful observed demand with limited local training capacity.
Akola,PRIORITY_SKILL,PRV018,0.912,3,0,HIGH_PRIORITY,Expand or strengthen training capacity.,PRV018 shows meaningful observed demand with limited local training capacity.
Akola,PRIORITY_SKILL,PRV021,0.912,3,0,HIGH_PRIORITY,Expand or strengthen training capacity.,PRV021 shows meaningful observed demand with limited local training capacity.
Akola,PRIORITY_SKILL,PRV023,0.912,3,0,HIGH_PRIORITY,Expand or strengthen training capacity.,PRV023 shows meaningful observed demand with limited local training capacity.
Akola,PRIORITY_SKILL,SK003,0.912,3,0,HIGH_PRIORITY,Expand or strengthen training capacity.,SK003 shows meaningful observed demand with limited local training capacity.
Akola,PRIORITY_SKILL,SK004,0.912,3,0,HIGH_PRIORITY,Expand or strengthen training capacity.,SK004 shows meaningful observed demand with limited local training capacity.
Akola,PRIORITY_SKILL,SK006,0.912,3,0,HIGH_PRIORITY,Expand or strengthen training capacity.,SK006 shows meaningful observed demand with limited local training capacity.
Amravati,PRIORITY_SKILL,SK003,1.0,21,0,HIGH_PRIORITY,Expand or strengthen training capacity.,SK003 shows meaningful observed demand with limited local training capacity.
Amravati,PRIORITY_SKILL,SK002,0.983,20,0,HIGH_PRIORITY,Expand or strengthen training capacity.,SK002 shows meaningful observed demand with limited local training capacity.
Amravati,PRIORITY_SKILL,SK004,0.983,20,0,HIGH_PRIORITY,Expand or strengthen training capacity.,SK004 shows meaningful observed demand with limited local training capacity.
Amravati,PRIORITY_SKILL,SK023,0.983,20,0,HIGH_PRIORITY,Expand or strengthen training capacity.,SK023 shows meaningful observed demand with limited local training capacity.
Amravati,PRIORITY_SKILL,SK001,0.967,19,0,HIGH_PRIORITY,Expand or strengthen training capacity.,SK001 shows meaningful observed demand with limited local training capacity.
Amravati,PRIORITY_SKILL,SK015,0.967,19,0,HIGH_PRIORITY,Expand or strengthen training capacity.,SK015 shows meaningful observed demand with limited local training capacity.
Amravati,PRIORITY_SKILL,SK020,0.967,19,0,HIGH_PRIORITY,Expand or strengthen training capacity.,SK020 shows meaningful observed demand with limited local training capacity.
Amravati,PRIORITY_SKILL,SK005,0.95,18,0,HIGH_PRIORITY,Expand or strengthen training capacity.,SK005 shows meaningful observed demand with limited local training capacity.
Amravati,PRIORITY_SKILL,SK018,0.95,18,0,HIGH_PRIORITY,Expand or strengthen training capacity.,SK018 shows meaningful observed demand with limited local training capacity.
Amravati,PRIORITY_SKILL,SK021,0.95,18,0,HIGH_PRIORITY,Expand or strengthen training capacity.,SK021 shows meaningful observed demand with limited local training capacity.
Beed,PRIORITY_SKILL,SK026,1.0,20,0,HIGH_PRIORITY,Expand or strengthen training capacity.,SK026 shows meaningful observed demand with limited local training capacity.
Beed,PRIORITY_SKILL,SK029,0.965,18,0,HIGH_PRIORITY,Expand or strengthen training capacity.,SK029 shows meaningful observed demand with limited local training capacity.
Beed,PRIORITY_SKILL,SK030,0.965,18,0,HIGH_PRIORITY,Expand or strengthen training capacity.,SK030 shows meaningful observed demand with limited local training capacity.
Beed,PRIORITY_SKILL,SK027,0.93,16,0,HIGH_PRIORITY,Expand or strengthen training capacity.,SK027 shows meaningful observed demand with limited local training capacity.
Beed,PRIORITY_SKILL,SK028,0.913,15,0,HIGH_PRIORITY,Expand or strengthen training capacity.,SK028 shows meaningful observed demand with limited local training capacity.
Beed,PRIORITY_SKILL,SK031,0.877,13,0,HIGH_PRIORITY,Expand or strengthen training capacity.,SK031 shows meaningful observed demand with limited local training capacity.
Beed,PRIORITY_SKILL,SK032,0.86,12,0,HIGH_PRIORITY,Expand or strengthen training capacity.,SK032 shows meaningful observed demand with limited local training capacity.
Beed,PRIORITY_SKILL,SK033,0.86,12,0,HIGH_PRIORITY,Expand or strengthen training capacity.,SK033 shows meaningful observed demand with limited local training capacity.
Beed,PRIORITY_SKILL,SK034,0.843,11,0,HIGH_PRIORITY,Expand or strengthen training capacity.,SK034 shows meaningful observed demand with limited local training capacity.
Beed,PRIORITY_SKILL,SK035,0.843,11,0,HIGH_PRIORITY,Expand or strengthen training capacity.,SK035 shows meaningful observed demand with limited local training capacity.
Bhandara,PRIORITY_SKILL,PRV022,1.0,4,0,HIGH_PRIORITY,Expand or strengthen training capacity.,PRV022 shows meaningful observed demand with limited local training capacity.
Bhandara,PRIORITY_SKILL,PRV026,1.0,4,0,HIGH_PRIORITY,Expand or strengthen training capacity.,PRV026 shows meaningful observed demand with limited local training capacity.
Bhandara,PRIORITY_SKILL,PRV031,1.0,4,0,HIGH_PRIORITY,Expand or strengthen training capacity.,PRV031 shows meaningful observed demand with limited local training capacity.
Bhandara,PRIORITY_SKILL,PRV014,0.912,3,0,HIGH_PRIORITY,Expand or strengthen training capacity.,PRV014 shows meaningful observed demand with limited local training capacity.
Bhandara,PRIORITY_SKILL,PRV015,0.912,3,0,HIGH_PRIORITY,Expand or strengthen training capacity.,PRV015 shows meaningful observed demand with limited local training capacity.
Bhandara,PRIORITY_SKILL,PRV058,0.912,3,0,HIGH_PRIORITY,Expand or strengthen training capacity.,PRV058 shows meaningful observed demand with limited local training capacity.
Bhandara,PRIORITY_SKILL,PRV061,0.912,3,0,HIGH_PRIORITY,Expand or strengthen training capacity.,PRV061 shows meaningful observed demand with limited local training capacity.
Bhandara,PRIORITY_SKILL,PRV068,0.912,3,0,HIGH_PRIORITY,Expand or strengthen training capacity.,PRV068 shows meaningful observed demand with limited local training capacity.
Bhandara,PRIORITY_SKILL,SK003,0.912,3,0,HIGH_PRIORITY,Expand or strengthen training capacity.,SK003 shows meaningful observed demand with limited local training capacity.
Bhandara,PRIORITY_SKILL,SK028,0.912,3,0,HIGH_PRIORITY,Expand or strengthen training capacity.,SK028 shows meaningful observed demand with limited local training capacity.
Buldhana,PRIORITY_SKILL,SK026,1.0,14,0,HIGH_PRIORITY,Expand or strengthen training capacity.,SK026 shows meaningful observed demand with limited local training capacity.
Buldhana,PRIORITY_SKILL,SK032,1.0,14,0,HIGH_PRIORITY,Expand or strengthen training capacity.,SK032 shows meaningful observed demand with limited local training capacity.
Buldhana,PRIORITY_SKILL,SK030,0.975,13,0,HIGH_PRIORITY,Expand or strengthen training capacity.,SK030 shows meaningful observed demand with limited local training capacity.
Buldhana,PRIORITY_SKILL,SK031,0.975,13,0,HIGH_PRIORITY,Expand or strengthen training capacity.,SK031 shows meaningful observed demand with limited local training capacity.
Buldhana,PRIORITY_SKILL,SK033,0.95,12,0,HIGH_PRIORITY,Expand or strengthen training capacity.,SK033 shows meaningful observed demand with limited local training capacity.
Buldhana,PRIORITY_SKILL,SK035,0.95,12,0,HIGH_PRIORITY,Expand or strengthen training capacity.,SK035 shows meaningful observed demand with limited local training capacity.
Buldhana,PRIORITY_SKILL,SK027,0.925,11,0,HIGH_PRIORITY,Expand or strengthen training capacity.,SK027 shows meaningful observed demand with limited local training capacity.
Buldhana,PRIORITY_SKILL,SK028,0.925,11,0,HIGH_PRIORITY,Expand or strengthen training capacity.,SK028 shows meaningful observed demand with limited local training capacity.
Buldhana,PRIORITY_SKILL,SK034,0.925,11,0,HIGH_PRIORITY,Expand or strengthen training capacity.,SK034 shows meaningful observed demand with limited local training capacity.
Buldhana,PRIORITY_SKILL,PRV022,0.725,3,0,HIGH_PRIORITY,Expand or strengthen training capacity.,PRV022 shows meaningful observed demand with limited local training capacity.
Chandrapur,PRIORITY_SKILL,SK028,1.0,49,0,HIGH_PRIORITY,Expand or strengthen training capacity.,SK028 shows meaningful observed demand with limited local training capacity.
Chandrapur,PRIORITY_SKILL,SK030,0.993,48,0,HIGH_PRIORITY,Expand or strengthen training capacity.,SK030 shows meaningful observed demand with limited local training capacity.
Chandrapur,PRIORITY_SKILL,SK029,0.986,47,0,HIGH_PRIORITY,Expand or strengthen training capacity.,SK029 shows meaningful observed demand with limited local training capacity.
Chandrapur,PRIORITY_SKILL,SK026,0.957,43,0,HIGH_PRIORITY,Expand or strengthen training capacity.,SK026 shows meaningful observed demand with limited local training capacity.
Chandrapur,PRIORITY_SKILL,SK027,0.95,42,0,HIGH_PRIORITY,Expand or strengthen training capacity.,SK027 shows meaningful observed demand with limited local training capacity.
Chandrapur,PRIORITY_SKILL,SK031,0.857,29,0,HIGH_PRIORITY,Expand or strengthen training capacity.,SK031 shows meaningful observed demand with limited local training capacity.
Chandrapur,PRIORITY_SKILL,SK033,0.85,28,0,HIGH_PRIORITY,Expand or strengthen training capacity.,SK033 shows meaningful observed demand with limited local training capacity.
Chandrapur,PRIORITY_SKILL,SK032,0.843,27,0,HIGH_PRIORITY,Expand or strengthen training capacity.,SK032 shows meaningful observed demand with limited local training capacity.
Chandrapur,PRIORITY_SKILL,SK034,0.843,27,0,HIGH_PRIORITY,Expand or strengthen training capacity.,SK034 shows meaningful observed demand with limited local training capacity.
Chandrapur,PRIORITY_SKILL,SK035,0.843,27,0,HIGH_PRIORITY,Expand or strengthen training capacity.,SK035 shows meaningful observed demand with limited local training capacity.
Chhatrapati Sambhaji Nagar,PRIORITY_SKILL,PRV020,1.0,67,0,HIGH_PRIORITY,Expand or strengthen training capacity.,PRV020 shows meaningful observed demand with limited local training capacity.
Chhatrapati Sambhaji Nagar,PRIORITY_SKILL,PRV034,1.0,67,0,HIGH_PRIORITY,Expand or strengthen training capacity.,PRV034 shows meaningful observed demand with limited local training capacity.
Chhatrapati Sambhaji Nagar,PRIORITY_SKILL,PRV016,0.995,66,0,HIGH_PRIORITY,Expand or strengthen training capacity.,PRV016 shows meaningful observed demand with limited local training capacity.
Chhatrapati Sambhaji Nagar,PRIORITY_SKILL,PRV018,0.995,66,0,HIGH_PRIORITY,Expand or strengthen training capacity.,PRV018 shows meaningful observed demand with limited local training capacity.
Chhatrapati Sambhaji Nagar,PRIORITY_SKILL,PRV021,0.995,66,0,HIGH_PRIORITY,Expand or strengthen training capacity.,PRV021 shows meaningful observed demand with limited local training capacity.
Chhatrapati Sambhaji Nagar,PRIORITY_SKILL,SK011,0.995,66,0,HIGH_PRIORITY,Expand or strengthen training capacity.,SK011 shows meaningful observed demand with limited local training capacity.
Chhatrapati Sambhaji Nagar,PRIORITY_SKILL,PRV030,0.99,65,0,HIGH_PRIORITY,Expand or strengthen training capacity.,PRV030 shows meaningful observed demand with limited local training capacity.
Chhatrapati Sambhaji Nagar,PRIORITY_SKILL,PRV035,0.99,65,0,HIGH_PRIORITY,Expand or strengthen training capacity.,PRV035 shows meaningful observed demand with limited local training capacity.
Chhatrapati Sambhaji Nagar,PRIORITY_SKILL,PRV039,0.99,65,0,HIGH_PRIORITY,Expand or strengthen training capacity.,PRV039 shows meaningful observed demand with limited local training capacity.
Chhatrapati Sambhaji Nagar,PRIORITY_SKILL,SK004,0.984,64,0,HIGH_PRIORITY,Expand or strengthen training capacity.,SK004 shows meaningful observed demand with limited local training capacity.
Dharashiv,PRIORITY_SKILL,SK028,1.0,12,0,HIGH_PRIORITY,Expand or strengthen training capacity.,SK028 shows meaningful observed demand with limited local training capacity.
Dharashiv,PRIORITY_SKILL,SK030,1.0,12,0,HIGH_PRIORITY,Expand or strengthen training capacity.,SK030 shows meaningful observed demand with limited local training capacity.
Dharashiv,PRIORITY_SKILL,SK032,1.0,12,0,HIGH_PRIORITY,Expand or strengthen training capacity.,SK032 shows meaningful observed demand with limited local training capacity.
Dharashiv,PRIORITY_SKILL,SK033,1.0,12,0,HIGH_PRIORITY,Expand or strengthen training capacity.,SK033 shows meaningful observed demand with limited local training capacity.
Dharashiv,PRIORITY_SKILL,SK034,0.971,11,0,HIGH_PRIORITY,Expand or strengthen training capacity.,SK034 shows meaningful observed demand with limited local training capacity.
Dharashiv,PRIORITY_SKILL,SK035,0.971,11,0,HIGH_PRIORITY,Expand or strengthen training capacity.,SK035 shows meaningful observed demand with limited local training capacity.
Dharashiv,PRIORITY_SKILL,SK026,0.942,10,0,HIGH_PRIORITY,Expand or strengthen training capacity.,SK026 shows meaningful observed demand with limited local training capacity.
Dharashiv,PRIORITY_SKILL,SK029,0.942,10,0,HIGH_PRIORITY,Expand or strengthen training capacity.,SK029 shows meaningful observed demand with limited local training capacity.
Dharashiv,PRIORITY_SKILL,SK031,0.942,10,0,HIGH_PRIORITY,Expand or strengthen training capacity.,SK031 shows meaningful observed demand with limited local training capacity.
Dharashiv,PRIORITY_SKILL,SK027,0.912,9,0,HIGH_PRIORITY,Expand or strengthen training capacity.,SK027 shows meaningful observed demand with limited local training capacity.
Dhule,PRIORITY_SKILL,SK005,1.0,16,0,HIGH_PRIORITY,Expand or strengthen training capacity.,SK005 shows meaningful observed demand with limited local training capacity.
Dhule,PRIORITY_SKILL,SK002,0.978,15,0,HIGH_PRIORITY,Expand or strengthen training capacity.,SK002 shows meaningful observed demand with limited local training capacity.
Dhule,PRIORITY_SKILL,SK003,0.978,15,0,HIGH_PRIORITY,Expand or strengthen training capacity.,SK003 shows meaningful observed demand with limited local training capacity.
Dhule,PRIORITY_SKILL,SK004,0.978,15,0,HIGH_PRIORITY,Expand or strengthen training capacity.,SK004 shows meaningful observed demand with limited local training capacity.
Dhule,PRIORITY_SKILL,SK019,0.956,14,0,HIGH_PRIORITY,Expand or strengthen training capacity.,SK019 shows meaningful observed demand with limited local training capacity.
Dhule,PRIORITY_SKILL,SK016,0.934,13,0,HIGH_PRIORITY,Expand or strengthen training capacity.,SK016 shows meaningful observed demand with limited local training capacity.
Dhule,PRIORITY_SKILL,SK017,0.912,12,0,HIGH_PRIORITY,Expand or strengthen training capacity.,SK017 shows meaningful observed demand with limited local training capacity.
Dhule,PRIORITY_SKILL,SK022,0.912,12,0,HIGH_PRIORITY,Expand or strengthen training capacity.,SK022 shows meaningful observed demand with limited local training capacity.
Dhule,PRIORITY_SKILL,SK023,0.912,12,0,HIGH_PRIORITY,Expand or strengthen training capacity.,SK023 shows meaningful observed demand with limited local training capacity.
Dhule,PRIORITY_SKILL,SK015,0.891,11,0,HIGH_PRIORITY,Expand or strengthen training capacity.,SK015 shows meaningful observed demand with limited local training capacity.
Gadchiroli,PRIORITY_SKILL,PRV051,1.0,3,0,HIGH_PRIORITY,Expand or strengthen training capacity.,PRV051 shows meaningful observed demand with limited local training capacity.
Gadchiroli,PRIORITY_SKILL,PRV052,1.0,3,0,HIGH_PRIORITY,Expand or strengthen training capacity.,PRV052 shows meaningful observed demand with limited local training capacity.
Gadchiroli,PRIORITY_SKILL,PRV053,1.0,3,0,HIGH_PRIORITY,Expand or strengthen training capacity.,PRV053 shows meaningful observed demand with limited local training capacity.
Gadchiroli,PRIORITY_SKILL,PRV054,1.0,3,0,HIGH_PRIORITY,Expand or strengthen training capacity.,PRV054 shows meaningful observed demand with limited local training capacity.
Gadchiroli,PRIORITY_SKILL,SK069,1.0,3,0,HIGH_PRIORITY,Expand or strengthen training capacity.,SK069 shows meaningful observed demand with limited local training capacity.
Gadchiroli,PRIORITY_SKILL,PRV002,0.883,2,0,HIGH_PRIORITY,Expand or strengthen training capacity.,PRV002 shows meaningful observed demand with limited local training capacity.
Gadchiroli,PRIORITY_SKILL,PRV004,0.883,2,0,HIGH_PRIORITY,Expand or strengthen training capacity.,PRV004 shows meaningful observed demand with limited local training capacity.
Gadchiroli,PRIORITY_SKILL,PRV008,0.883,2,0,HIGH_PRIORITY,Expand or strengthen training capacity.,PRV008 shows meaningful observed demand with limited local training capacity.
Gadchiroli,PRIORITY_SKILL,PRV009,0.883,2,0,HIGH_PRIORITY,Expand or strengthen training capacity.,PRV009 shows meaningful observed demand with limited local training capacity.
Gadchiroli,PRIORITY_SKILL,PRV022,0.883,2,0,HIGH_PRIORITY,Expand or strengthen training capacity.,PRV022 shows meaningful observed demand with limited local training capacity.
Gondia,PRIORITY_SKILL,PRV010,1.0,8,0,HIGH_PRIORITY,Expand or strengthen training capacity.,PRV010 shows meaningful observed demand with limited local training capacity.
Gondia,PRIORITY_SKILL,SK038,0.956,7,0,HIGH_PRIORITY,Expand or strengthen training capacity.,SK038 shows meaningful observed demand with limited local training capacity.
Gondia,PRIORITY_SKILL,SK040,0.956,7,0,HIGH_PRIORITY,Expand or strengthen training capacity.,SK040 shows meaningful observed demand with limited local training capacity.
Gondia,PRIORITY_SKILL,PRV006,0.869,5,0,HIGH_PRIORITY,Expand or strengthen training capacity.,PRV006 shows meaningful observed demand with limited local training capacity.
Gondia,PRIORITY_SKILL,PRV007,0.869,5,0,HIGH_PRIORITY,Expand or strengthen training capacity.,PRV007 shows meaningful observed demand with limited local training capacity.
Gondia,PRIORITY_SKILL,PRV015,0.869,5,0,HIGH_PRIORITY,Expand or strengthen training capacity.,PRV015 shows meaningful observed demand with limited local training capacity.
Gondia,PRIORITY_SKILL,PRV027,0.869,5,0,HIGH_PRIORITY,Expand or strengthen training capacity.,PRV027 shows meaningful observed demand with limited local training capacity.
Gondia,PRIORITY_SKILL,PRV029,0.869,5,0,HIGH_PRIORITY,Expand or strengthen training capacity.,PRV029 shows meaningful observed demand with limited local training capacity.
Gondia,PRIORITY_SKILL,PRV005,0.825,4,0,HIGH_PRIORITY,Expand or strengthen training capacity.,PRV005 shows meaningful observed demand with limited local training capacity.
Gondia,PRIORITY_SKILL,PRV024,0.825,4,0,HIGH_PRIORITY,Expand or strengthen training capacity.,PRV024 shows meaningful observed demand with limited local training capacity.
Hingoli,PRIORITY_SKILL,PRV031,1.0,3,0,HIGH_PRIORITY,Expand or strengthen training capacity.,PRV031 shows meaningful observed demand with limited local training capacity.
Hingoli,PRIORITY_SKILL,PRV032,1.0,3,0,HIGH_PRIORITY,Expand or strengthen training capacity.,PRV032 shows meaningful observed demand with limited local training capacity.
Hingoli,PRIORITY_SKILL,SK026,1.0,3,0,HIGH_PRIORITY,Expand or strengthen training capacity.,SK026 shows meaningful observed demand with limited local training capacity.
Hingoli,PRIORITY_SKILL,PRV022,0.883,2,0,HIGH_PRIORITY,Expand or strengthen training capacity.,PRV022 shows meaningful observed demand with limited local training capacity.
Hingoli,PRIORITY_SKILL,PRV026,0.883,2,0,HIGH_PRIORITY,Expand or strengthen training capacity.,PRV026 shows meaningful observed demand with limited local training capacity.
Hingoli,PRIORITY_SKILL,PRV028,0.883,2,0,HIGH_PRIORITY,Expand or strengthen training capacity.,PRV028 shows meaningful observed demand with limited local training capacity.
Hingoli,PRIORITY_SKILL,PRV036,0.883,2,0,HIGH_PRIORITY,Expand or strengthen training capacity.,PRV036 shows meaningful observed demand with limited local training capacity.
Hingoli,PRIORITY_SKILL,PRV048,0.883,2,0,HIGH_PRIORITY,Expand or strengthen training capacity.,PRV048 shows meaningful observed demand with limited local training capacity.
Hingoli,PRIORITY_SKILL,PRV049,0.883,2,0,HIGH_PRIORITY,Expand or strengthen training capacity.,PRV049 shows meaningful observed demand with limited local training capacity.
Hingoli,PRIORITY_SKILL,PRV050,0.883,2,0,HIGH_PRIORITY,Expand or strengthen training capacity.,PRV050 shows meaningful observed demand with limited local training capacity.
Jalgaon,PRIORITY_SKILL,SK001,1.0,26,0,HIGH_PRIORITY,Expand or strengthen training capacity.,SK001 shows meaningful observed demand with limited local training capacity.
Jalgaon,PRIORITY_SKILL,SK004,1.0,26,0,HIGH_PRIORITY,Expand or strengthen training capacity.,SK004 shows meaningful observed demand with limited local training capacity.
Jalgaon,PRIORITY_SKILL,SK009,1.0,26,0,HIGH_PRIORITY,Expand or strengthen training capacity.,SK009 shows meaningful observed demand with limited local training capacity.
Jalgaon,PRIORITY_SKILL,SK011,1.0,26,0,HIGH_PRIORITY,Expand or strengthen training capacity.,SK011 shows meaningful observed demand with limited local training capacity.
Jalgaon,PRIORITY_SKILL,SK003,0.973,24,0,HIGH_PRIORITY,Expand or strengthen training capacity.,SK003 shows meaningful observed demand with limited local training capacity.
Jalgaon,PRIORITY_SKILL,SK005,0.973,24,0,HIGH_PRIORITY,Expand or strengthen training capacity.,SK005 shows meaningful observed demand with limited local training capacity.
Jalgaon,PRIORITY_SKILL,SK031,0.973,24,0,HIGH_PRIORITY,Expand or strengthen training capacity.,SK031 shows meaningful observed demand with limited local training capacity.
Jalgaon,PRIORITY_SKILL,SK008,0.96,23,0,HIGH_PRIORITY,Expand or strengthen training capacity.,SK008 shows meaningful observed demand with limited local training capacity.
Jalgaon,PRIORITY_SKILL,SK032,0.96,23,0,HIGH_PRIORITY,Expand or strengthen training capacity.,SK032 shows meaningful observed demand with limited local training capacity.
Jalgaon,PRIORITY_SKILL,SK035,0.946,22,0,HIGH_PRIORITY,Expand or strengthen training capacity.,SK035 shows meaningful observed demand with limited local training capacity.
Jalna,PRIORITY_SKILL,SK032,1.0,7,0,HIGH_PRIORITY,Expand or strengthen training capacity.,SK032 shows meaningful observed demand with limited local training capacity.
Jalna,PRIORITY_SKILL,SK037,1.0,7,0,HIGH_PRIORITY,Expand or strengthen training capacity.,SK037 shows meaningful observed demand with limited local training capacity.
Jalna,PRIORITY_SKILL,PRV003,0.95,6,0,HIGH_PRIORITY,Expand or strengthen training capacity.,PRV003 shows meaningful observed demand with limited local training capacity.
Jalna,PRIORITY_SKILL,PRV012,0.95,6,0,HIGH_PRIORITY,Expand or strengthen training capacity.,PRV012 shows meaningful observed demand with limited local training capacity.
Jalna,PRIORITY_SKILL,PRV013,0.95,6,0,HIGH_PRIORITY,Expand or strengthen training capacity.,PRV013 shows meaningful observed demand with limited local training capacity.
Jalna,PRIORITY_SKILL,SK033,0.95,6,0,HIGH_PRIORITY,Expand or strengthen training capacity.,SK033 shows meaningful observed demand with limited local training capacity.
Jalna,PRIORITY_SKILL,SK034,0.95,6,0,HIGH_PRIORITY,Expand or strengthen training capacity.,SK034 shows meaningful observed demand with limited local training capacity.
Jalna,PRIORITY_SKILL,PRV034,0.9,5,0,HIGH_PRIORITY,Expand or strengthen training capacity.,PRV034 shows meaningful observed demand with limited local training capacity.
Jalna,PRIORITY_SKILL,PRV035,0.9,5,0,HIGH_PRIORITY,Expand or strengthen training capacity.,PRV035 shows meaningful observed demand with limited local training capacity.
Jalna,PRIORITY_SKILL,PRV036,0.9,5,0,HIGH_PRIORITY,Expand or strengthen training capacity.,PRV036 shows meaningful observed demand with limited local training capacity.
Kolhapur,PRIORITY_SKILL,SK009,1.0,40,0,HIGH_PRIORITY,Expand or strengthen training capacity.,SK009 shows meaningful observed demand with limited local training capacity.
Kolhapur,PRIORITY_SKILL,SK010,0.965,36,0,HIGH_PRIORITY,Expand or strengthen training capacity.,SK010 shows meaningful observed demand with limited local training capacity.
Kolhapur,PRIORITY_SKILL,SK008,0.948,34,0,HIGH_PRIORITY,Expand or strengthen training capacity.,SK008 shows meaningful observed demand with limited local training capacity.
Kolhapur,PRIORITY_SKILL,SK012,0.948,34,0,HIGH_PRIORITY,Expand or strengthen training capacity.,SK012 shows meaningful observed demand with limited local training capacity.
Kolhapur,PRIORITY_SKILL,SK011,0.939,33,0,HIGH_PRIORITY,Expand or strengthen training capacity.,SK011 shows meaningful observed demand with limited local training capacity.
Kolhapur,PRIORITY_SKILL,SK041,0.93,32,0,HIGH_PRIORITY,Expand or strengthen training capacity.,SK041 shows meaningful observed demand with limited local training capacity.
Kolhapur,PRIORITY_SKILL,PRV030,0.921,31,0,HIGH_PRIORITY,Expand or strengthen training capacity.,PRV030 shows meaningful observed demand with limited local training capacity.
Kolhapur,PRIORITY_SKILL,PRV045,0.921,31,0,HIGH_PRIORITY,Expand or strengthen training capacity.,PRV045 shows meaningful observed demand with limited local training capacity.
Kolhapur,PRIORITY_SKILL,PRV041,0.912,30,0,HIGH_PRIORITY,Expand or strengthen training capacity.,PRV041 shows meaningful observed demand with limited local training capacity.
Kolhapur,PRIORITY_SKILL,SK014,0.912,30,0,HIGH_PRIORITY,Expand or strengthen training capacity.,SK014 shows meaningful observed demand with limited local training capacity.
Latur,PRIORITY_SKILL,SK027,1.0,14,0,HIGH_PRIORITY,Expand or strengthen training capacity.,SK027 shows meaningful observed demand with limited local training capacity.
Latur,PRIORITY_SKILL,SK028,1.0,14,0,HIGH_PRIORITY,Expand or strengthen training capacity.,SK028 shows meaningful observed demand with limited local training capacity.
Latur,PRIORITY_SKILL,SK029,0.95,12,0,HIGH_PRIORITY,Expand or strengthen training capacity.,SK029 shows meaningful observed demand with limited local training capacity.
Latur,PRIORITY_SKILL,SK030,0.925,11,0,HIGH_PRIORITY,Expand or strengthen training capacity.,SK030 shows meaningful observed demand with limited local training capacity.
Latur,PRIORITY_SKILL,SK006,0.9,10,0,HIGH_PRIORITY,Expand or strengthen training capacity.,SK006 shows meaningful observed demand with limited local training capacity.
Latur,PRIORITY_SKILL,SK009,0.9,10,0,HIGH_PRIORITY,Expand or strengthen training capacity.,SK009 shows meaningful observed demand with limited local training capacity.
Latur,PRIORITY_SKILL,SK010,0.9,10,0,HIGH_PRIORITY,Expand or strengthen training capacity.,SK010 shows meaningful observed demand with limited local training capacity.
Latur,PRIORITY_SKILL,SK026,0.9,10,0,HIGH_PRIORITY,Expand or strengthen training capacity.,SK026 shows meaningful observed demand with limited local training capacity.
Latur,PRIORITY_SKILL,SK031,0.9,10,0,HIGH_PRIORITY,Expand or strengthen training capacity.,SK031 shows meaningful observed demand with limited local training capacity.
Latur,PRIORITY_SKILL,SK032,0.9,10,0,HIGH_PRIORITY,Expand or strengthen training capacity.,SK032 shows meaningful observed demand with limited local training capacity.
Mumbai Suburban,PRIORITY_SKILL,SK038,1.0,58,0,HIGH_PRIORITY,Expand or strengthen training capacity.,SK038 shows meaningful observed demand with limited local training capacity.
Mumbai Suburban,PRIORITY_SKILL,PRV004,0.988,56,0,HIGH_PRIORITY,Expand or strengthen training capacity.,PRV004 shows meaningful observed demand with limited local training capacity.
Mumbai Suburban,PRIORITY_SKILL,PRV028,0.988,56,0,HIGH_PRIORITY,Expand or strengthen training capacity.,PRV028 shows meaningful observed demand with limited local training capacity.
Mumbai Suburban,PRIORITY_SKILL,PRV011,0.982,55,0,HIGH_PRIORITY,Expand or strengthen training capacity.,PRV011 shows meaningful observed demand with limited local training capacity.
Mumbai Suburban,PRIORITY_SKILL,PRV026,0.958,51,0,HIGH_PRIORITY,Expand or strengthen training capacity.,PRV026 shows meaningful observed demand with limited local training capacity.
Mumbai Suburban,PRIORITY_SKILL,SK040,0.958,51,0,HIGH_PRIORITY,Expand or strengthen training capacity.,SK040 shows meaningful observed demand with limited local training capacity.
Mumbai Suburban,PRIORITY_SKILL,PRV008,0.946,49,0,HIGH_PRIORITY,Expand or strengthen training capacity.,PRV008 shows meaningful observed demand with limited local training capacity.
Mumbai Suburban,PRIORITY_SKILL,PRV002,0.94,48,0,HIGH_PRIORITY,Expand or strengthen training capacity.,PRV002 shows meaningful observed demand with limited local training capacity.
Mumbai Suburban,PRIORITY_SKILL,PRV031,0.94,48,0,HIGH_PRIORITY,Expand or strengthen training capacity.,PRV031 shows meaningful observed demand with limited local training capacity.
Mumbai Suburban,PRIORITY_SKILL,PRV009,0.934,47,0,HIGH_PRIORITY,Expand or strengthen training capacity.,PRV009 shows meaningful observed demand with limited local training capacity.
Nagpur,PRIORITY_SKILL,PRV001,1.0,65,0,HIGH_PRIORITY,Expand or strengthen training capacity.,PRV001 shows meaningful observed demand with limited local training capacity.
Nagpur,PRIORITY_SKILL,SK013,1.0,65,0,HIGH_PRIORITY,Expand or strengthen training capacity.,SK013 shows meaningful observed demand with limited local training capacity.
Nagpur,PRIORITY_SKILL,PRV005,0.984,62,0,HIGH_PRIORITY,Expand or strengthen training capacity.,PRV005 shows meaningful observed demand with limited local training capacity.
Nagpur,PRIORITY_SKILL,SK012,0.984,62,0,HIGH_PRIORITY,Expand or strengthen training capacity.,SK012 shows meaningful observed demand with limited local training capacity.
Nagpur,PRIORITY_SKILL,SK025,0.984,62,0,HIGH_PRIORITY,Expand or strengthen training capacity.,SK025 shows meaningful observed demand with limited local training capacity.
Nagpur,PRIORITY_SKILL,SK027,0.968,59,0,HIGH_PRIORITY,Expand or strengthen training capacity.,SK027 shows meaningful observed demand with limited local training capacity.
Nagpur,PRIORITY_SKILL,SK040,0.968,59,0,HIGH_PRIORITY,Expand or strengthen training capacity.,SK040 shows meaningful observed demand with limited local training capacity.
Nagpur,PRIORITY_SKILL,SK016,0.962,58,0,HIGH_PRIORITY,Expand or strengthen training capacity.,SK016 shows meaningful observed demand with limited local training capacity.
Nagpur,PRIORITY_SKILL,SK026,0.957,57,0,HIGH_PRIORITY,Expand or strengthen training capacity.,SK026 shows meaningful observed demand with limited local training capacity.
Nagpur,PRIORITY_SKILL,SK038,0.957,57,0,HIGH_PRIORITY,Expand or strengthen training capacity.,SK038 shows meaningful observed demand with limited local training capacity.
Nanded,PRIORITY_SKILL,PRV016,1.0,31,0,HIGH_PRIORITY,Expand or strengthen training capacity.,PRV016 shows meaningful observed demand with limited local training capacity.
Nanded,PRIORITY_SKILL,PRV018,1.0,31,0,HIGH_PRIORITY,Expand or strengthen training capacity.,PRV018 shows meaningful observed demand with limited local training capacity.
Nanded,PRIORITY_SKILL,PRV013,0.977,29,0,HIGH_PRIORITY,Expand or strengthen training capacity.,PRV013 shows meaningful observed demand with limited local training capacity.
Nanded,PRIORITY_SKILL,SK036,0.977,29,0,HIGH_PRIORITY,Expand or strengthen training capacity.,SK036 shows meaningful observed demand with limited local training capacity.
Nanded,PRIORITY_SKILL,SK037,0.977,29,0,HIGH_PRIORITY,Expand or strengthen training capacity.,SK037 shows meaningful observed demand with limited local training capacity.
Nanded,PRIORITY_SKILL,PRV020,0.955,27,0,HIGH_PRIORITY,Expand or strengthen training capacity.,PRV020 shows meaningful observed demand with limited local training capacity.
Nanded,PRIORITY_SKILL,PRV003,0.944,26,0,HIGH_PRIORITY,Expand or strengthen training capacity.,PRV003 shows meaningful observed demand with limited local training capacity.
Nanded,PRIORITY_SKILL,PRV012,0.944,26,0,HIGH_PRIORITY,Expand or strengthen training capacity.,PRV012 shows meaningful observed demand with limited local training capacity.
Nanded,PRIORITY_SKILL,PRV023,0.932,25,0,HIGH_PRIORITY,Expand or strengthen training capacity.,PRV023 shows meaningful observed demand with limited local training capacity.
Nanded,PRIORITY_SKILL,PRV021,0.898,22,0,HIGH_PRIORITY,Expand or strengthen training capacity.,PRV021 shows meaningful observed demand with limited local training capacity.
Nandurbar,PRIORITY_SKILL,SK027,1.0,11,0,HIGH_PRIORITY,Expand or strengthen training capacity.,SK027 shows meaningful observed demand with limited local training capacity.
Nandurbar,PRIORITY_SKILL,SK029,0.968,10,0,HIGH_PRIORITY,Expand or strengthen training capacity.,SK029 shows meaningful observed demand with limited local training capacity.
Nandurbar,PRIORITY_SKILL,SK030,0.968,10,0,HIGH_PRIORITY,Expand or strengthen training capacity.,SK030 shows meaningful observed demand with limited local training capacity.
Nandurbar,PRIORITY_SKILL,SK026,0.936,9,0,HIGH_PRIORITY,Expand or strengthen training capacity.,SK026 shows meaningful observed demand with limited local training capacity.
Nandurbar,PRIORITY_SKILL,SK028,0.905,8,0,HIGH_PRIORITY,Expand or strengthen training capacity.,SK028 shows meaningful observed demand with limited local training capacity.
Nandurbar,PRIORITY_SKILL,SK031,0.777,4,0,HIGH_PRIORITY,Expand or strengthen training capacity.,SK031 shows meaningful observed demand with limited local training capacity.
Nandurbar,PRIORITY_SKILL,SK034,0.777,4,0,HIGH_PRIORITY,Expand or strengthen training capacity.,SK034 shows meaningful observed demand with limited local training capacity.
Nandurbar,PRIORITY_SKILL,SK033,0.745,3,0,HIGH_PRIORITY,Expand or strengthen training capacity.,SK033 shows meaningful observed demand with limited local training capacity.
Nandurbar,PRIORITY_SKILL,SK035,0.745,3,0,HIGH_PRIORITY,Expand or strengthen training capacity.,SK035 shows meaningful observed demand with limited local training capacity.
Nandurbar,PRIORITY_SKILL,SK032,0.714,2,0,HIGH_PRIORITY,Expand or strengthen training capacity.,SK032 shows meaningful observed demand with limited local training capacity.
Nashik,PRIORITY_SKILL,SK003,1.0,56,0,HIGH_PRIORITY,Expand or strengthen training capacity.,SK003 shows meaningful observed demand with limited local training capacity.
Nashik,PRIORITY_SKILL,SK004,0.994,55,0,HIGH_PRIORITY,Expand or strengthen training capacity.,SK004 shows meaningful observed demand with limited local training capacity.
Nashik,PRIORITY_SKILL,SK005,0.994,55,0,HIGH_PRIORITY,Expand or strengthen training capacity.,SK005 shows meaningful observed demand with limited local training capacity.
Nashik,PRIORITY_SKILL,PRV042,0.981,53,0,HIGH_PRIORITY,Expand or strengthen training capacity.,PRV042 shows meaningful observed demand with limited local training capacity.
Nashik,PRIORITY_SKILL,SK023,0.981,53,0,HIGH_PRIORITY,Expand or strengthen training capacity.,SK023 shows meaningful observed demand with limited local training capacity.
Nashik,PRIORITY_SKILL,PRV003,0.975,52,0,HIGH_PRIORITY,Expand or strengthen training capacity.,PRV003 shows meaningful observed demand with limited local training capacity.
Nashik,PRIORITY_SKILL,SK024,0.975,52,0,HIGH_PRIORITY,Expand or strengthen training capacity.,SK024 shows meaningful observed demand with limited local training capacity.
Nashik,PRIORITY_SKILL,SK009,0.969,51,0,HIGH_PRIORITY,Expand or strengthen training capacity.,SK009 shows meaningful observed demand with limited local training capacity.
Nashik,PRIORITY_SKILL,PRV012,0.963,50,0,HIGH_PRIORITY,Expand or strengthen training capacity.,PRV012 shows meaningful observed demand with limited local training capacity.
Nashik,PRIORITY_SKILL,SK002,0.963,50,0,HIGH_PRIORITY,Expand or strengthen training capacity.,SK002 shows meaningful observed demand with limited local training capacity.
Palghar,PRIORITY_SKILL,SK036,1.0,46,0,HIGH_PRIORITY,Expand or strengthen training capacity.,SK036 shows meaningful observed demand with limited local training capacity.
Palghar,PRIORITY_SKILL,PRV003,0.992,45,0,HIGH_PRIORITY,Expand or strengthen training capacity.,PRV003 shows meaningful observed demand with limited local training capacity.
Palghar,PRIORITY_SKILL,PRV012,0.985,44,0,HIGH_PRIORITY,Expand or strengthen training capacity.,PRV012 shows meaningful observed demand with limited local training capacity.
Palghar,PRIORITY_SKILL,SK037,0.985,44,0,HIGH_PRIORITY,Expand or strengthen training capacity.,SK037 shows meaningful observed demand with limited local training capacity.
Palghar,PRIORITY_SKILL,PRV031,0.954,40,0,HIGH_PRIORITY,Expand or strengthen training capacity.,PRV031 shows meaningful observed demand with limited local training capacity.
Palghar,PRIORITY_SKILL,PRV022,0.947,39,0,HIGH_PRIORITY,Expand or strengthen training capacity.,PRV022 shows meaningful observed demand with limited local training capacity.
Palghar,PRIORITY_SKILL,PRV026,0.947,39,0,HIGH_PRIORITY,Expand or strengthen training capacity.,PRV026 shows meaningful observed demand with limited local training capacity.
Palghar,PRIORITY_SKILL,PRV013,0.932,37,0,HIGH_PRIORITY,Expand or strengthen training capacity.,PRV013 shows meaningful observed demand with limited local training capacity.
Palghar,PRIORITY_SKILL,PRV016,0.932,37,0,HIGH_PRIORITY,Expand or strengthen training capacity.,PRV016 shows meaningful observed demand with limited local training capacity.
Palghar,PRIORITY_SKILL,SK021,0.932,37,0,HIGH_PRIORITY,Expand or strengthen training capacity.,SK021 shows meaningful observed demand with limited local training capacity.
Parbhani,PRIORITY_SKILL,SK016,1.0,5,0,HIGH_PRIORITY,Expand or strengthen training capacity.,SK016 shows meaningful observed demand with limited local training capacity.
Parbhani,PRIORITY_SKILL,SK017,1.0,5,0,HIGH_PRIORITY,Expand or strengthen training capacity.,SK017 shows meaningful observed demand with limited local training capacity.
Parbhani,PRIORITY_SKILL,PRV007,0.93,4,0,HIGH_PRIORITY,Expand or strengthen training capacity.,PRV007 shows meaningful observed demand with limited local training capacity.
Parbhani,PRIORITY_SKILL,PRV039,0.93,4,0,HIGH_PRIORITY,Expand or strengthen training capacity.,PRV039 shows meaningful observed demand with limited local training capacity.
Parbhani,PRIORITY_SKILL,PRV040,0.93,4,0,HIGH_PRIORITY,Expand or strengthen training capacity.,PRV040 shows meaningful observed demand with limited local training capacity.
Parbhani,PRIORITY_SKILL,PRV047,0.93,4,0,HIGH_PRIORITY,Expand or strengthen training capacity.,PRV047 shows meaningful observed demand with limited local training capacity.
Parbhani,PRIORITY_SKILL,PRV004,0.86,3,0,HIGH_PRIORITY,Expand or strengthen training capacity.,PRV004 shows meaningful observed demand with limited local training capacity.
Parbhani,PRIORITY_SKILL,PRV006,0.86,3,0,HIGH_PRIORITY,Expand or strengthen training capacity.,PRV006 shows meaningful observed demand with limited local training capacity.
Parbhani,PRIORITY_SKILL,PRV009,0.86,3,0,HIGH_PRIORITY,Expand or strengthen training capacity.,PRV009 shows meaningful observed demand with limited local training capacity.
Parbhani,PRIORITY_SKILL,PRV010,0.86,3,0,HIGH_PRIORITY,Expand or strengthen training capacity.,PRV010 shows meaningful observed demand with limited local training capacity.
Pune,PRIORITY_SKILL,SK039,1.0,119,0,HIGH_PRIORITY,Expand or strengthen training capacity.,SK039 shows meaningful observed demand with limited local training capacity.
Pune,PRIORITY_SKILL,PRV002,0.988,115,0,HIGH_PRIORITY,Expand or strengthen training capacity.,PRV002 shows meaningful observed demand with limited local training capacity.
Pune,PRIORITY_SKILL,PRV007,0.985,114,0,HIGH_PRIORITY,Expand or strengthen training capacity.,PRV007 shows meaningful observed demand with limited local training capacity.
Pune,PRIORITY_SKILL,SK040,0.982,113,0,HIGH_PRIORITY,Expand or strengthen training capacity.,SK040 shows meaningful observed demand with limited local training capacity.
Pune,PRIORITY_SKILL,SK016,0.976,111,0,HIGH_PRIORITY,Expand or strengthen training capacity.,SK016 shows meaningful observed demand with limited local training capacity.
Pune,PRIORITY_SKILL,PRV006,0.974,110,0,HIGH_PRIORITY,Expand or strengthen training capacity.,PRV006 shows meaningful observed demand with limited local training capacity.
Pune,PRIORITY_SKILL,PRV014,0.974,110,0,HIGH_PRIORITY,Expand or strengthen training capacity.,PRV014 shows meaningful observed demand with limited local training capacity.
Pune,PRIORITY_SKILL,PRV009,0.971,109,0,HIGH_PRIORITY,Expand or strengthen training capacity.,PRV009 shows meaningful observed demand with limited local training capacity.
Pune,PRIORITY_SKILL,SK038,0.971,109,0,HIGH_PRIORITY,Expand or strengthen training capacity.,SK038 shows meaningful observed demand with limited local training capacity.
Pune,PRIORITY_SKILL,PRV004,0.968,108,0,HIGH_PRIORITY,Expand or strengthen training capacity.,PRV004 shows meaningful observed demand with limited local training capacity.
Raigad,PRIORITY_SKILL,PRV001,1.0,46,0,HIGH_PRIORITY,Expand or strengthen training capacity.,PRV001 shows meaningful observed demand with limited local training capacity.
Raigad,PRIORITY_SKILL,SK012,0.992,45,0,HIGH_PRIORITY,Expand or strengthen training capacity.,SK012 shows meaningful observed demand with limited local training capacity.
Raigad,PRIORITY_SKILL,SK013,0.985,44,0,HIGH_PRIORITY,Expand or strengthen training capacity.,SK013 shows meaningful observed demand with limited local training capacity.
Raigad,PRIORITY_SKILL,SK014,0.985,44,0,HIGH_PRIORITY,Expand or strengthen training capacity.,SK014 shows meaningful observed demand with limited local training capacity.
Raigad,PRIORITY_SKILL,SK025,0.985,44,0,HIGH_PRIORITY,Expand or strengthen training capacity.,SK025 shows meaningful observed demand with limited local training capacity.
Raigad,PRIORITY_SKILL,SK021,0.954,40,0,HIGH_PRIORITY,Expand or strengthen training capacity.,SK021 shows meaningful observed demand with limited local training capacity.
Raigad,PRIORITY_SKILL,SK022,0.939,38,0,HIGH_PRIORITY,Expand or strengthen training capacity.,SK022 shows meaningful observed demand with limited local training capacity.
Raigad,PRIORITY_SKILL,SK037,0.939,38,0,HIGH_PRIORITY,Expand or strengthen training capacity.,SK037 shows meaningful observed demand with limited local training capacity.
Raigad,PRIORITY_SKILL,PRV003,0.932,37,0,HIGH_PRIORITY,Expand or strengthen training capacity.,PRV003 shows meaningful observed demand with limited local training capacity.
Raigad,PRIORITY_SKILL,PRV012,0.932,37,0,HIGH_PRIORITY,Expand or strengthen training capacity.,PRV012 shows meaningful observed demand with limited local training capacity.
Ratnagiri,PRIORITY_SKILL,PRV012,1.0,13,0,HIGH_PRIORITY,Expand or strengthen training capacity.,PRV012 shows meaningful observed demand with limited local training capacity.
Ratnagiri,PRIORITY_SKILL,SK036,0.973,12,0,HIGH_PRIORITY,Expand or strengthen training capacity.,SK036 shows meaningful observed demand with limited local training capacity.
Ratnagiri,PRIORITY_SKILL,PRV013,0.946,11,0,HIGH_PRIORITY,Expand or strengthen training capacity.,PRV013 shows meaningful observed demand with limited local training capacity.
Ratnagiri,PRIORITY_SKILL,SK037,0.946,11,0,HIGH_PRIORITY,Expand or strengthen training capacity.,SK037 shows meaningful observed demand with limited local training capacity.
Ratnagiri,PRIORITY_SKILL,PRV003,0.919,10,0,HIGH_PRIORITY,Expand or strengthen training capacity.,PRV003 shows meaningful observed demand with limited local training capacity.
Ratnagiri,PRIORITY_SKILL,PRV018,0.892,9,0,HIGH_PRIORITY,Expand or strengthen training capacity.,PRV018 shows meaningful observed demand with limited local training capacity.
Ratnagiri,PRIORITY_SKILL,PRV021,0.865,8,0,HIGH_PRIORITY,Expand or strengthen training capacity.,PRV021 shows meaningful observed demand with limited local training capacity.
Ratnagiri,PRIORITY_SKILL,PRV023,0.865,8,0,HIGH_PRIORITY,Expand or strengthen training capacity.,PRV023 shows meaningful observed demand with limited local training capacity.
Ratnagiri,PRIORITY_SKILL,PRV016,0.838,7,0,HIGH_PRIORITY,Expand or strengthen training capacity.,PRV016 shows meaningful observed demand with limited local training capacity.
Ratnagiri,PRIORITY_SKILL,PRV020,0.838,7,0,HIGH_PRIORITY,Expand or strengthen training capacity.,PRV020 shows meaningful observed demand with limited local training capacity.
Sangli,PRIORITY_SKILL,SK023,1.0,25,0,HIGH_PRIORITY,Expand or strengthen training capacity.,SK023 shows meaningful observed demand with limited local training capacity.
Sangli,PRIORITY_SKILL,SK024,0.986,24,0,HIGH_PRIORITY,Expand or strengthen training capacity.,SK024 shows meaningful observed demand with limited local training capacity.
Sangli,PRIORITY_SKILL,SK020,0.958,22,0,HIGH_PRIORITY,Expand or strengthen training capacity.,SK020 shows meaningful observed demand with limited local training capacity.
Sangli,PRIORITY_SKILL,SK021,0.958,22,0,HIGH_PRIORITY,Expand or strengthen training capacity.,SK021 shows meaningful observed demand with limited local training capacity.
Sangli,PRIORITY_SKILL,SK022,0.93,20,0,HIGH_PRIORITY,Expand or strengthen training capacity.,SK022 shows meaningful observed demand with limited local training capacity.
Sangli,PRIORITY_SKILL,SK013,0.916,19,0,HIGH_PRIORITY,Expand or strengthen training capacity.,SK013 shows meaningful observed demand with limited local training capacity.
Sangli,PRIORITY_SKILL,SK014,0.916,19,0,HIGH_PRIORITY,Expand or strengthen training capacity.,SK014 shows meaningful observed demand with limited local training capacity.
Sangli,PRIORITY_SKILL,PRV001,0.902,18,0,HIGH_PRIORITY,Expand or strengthen training capacity.,PRV001 shows meaningful observed demand with limited local training capacity.
Sangli,PRIORITY_SKILL,SK002,0.888,17,0,HIGH_PRIORITY,Expand or strengthen training capacity.,SK002 shows meaningful observed demand with limited local training capacity.
Sangli,PRIORITY_SKILL,SK025,0.888,17,0,HIGH_PRIORITY,Expand or strengthen training capacity.,SK025 shows meaningful observed demand with limited local training capacity.
Satara,PRIORITY_SKILL,SK010,1.0,24,0,HIGH_PRIORITY,Expand or strengthen training capacity.,SK010 shows meaningful observed demand with limited local training capacity.
Satara,PRIORITY_SKILL,SK011,0.971,22,0,HIGH_PRIORITY,Expand or strengthen training capacity.,SK011 shows meaningful observed demand with limited local training capacity.
Satara,PRIORITY_SKILL,SK009,0.956,21,0,HIGH_PRIORITY,Expand or strengthen training capacity.,SK009 shows meaningful observed demand with limited local training capacity.
Satara,PRIORITY_SKILL,SK006,0.942,20,0,HIGH_PRIORITY,Expand or strengthen training capacity.,SK006 shows meaningful observed demand with limited local training capacity.
Satara,PRIORITY_SKILL,PRV036,0.912,18,0,HIGH_PRIORITY,Expand or strengthen training capacity.,PRV036 shows meaningful observed demand with limited local training capacity.
Satara,PRIORITY_SKILL,SK008,0.898,17,0,HIGH_PRIORITY,Expand or strengthen training capacity.,SK008 shows meaningful observed demand with limited local training capacity.
Satara,PRIORITY_SKILL,SK014,0.898,17,0,HIGH_PRIORITY,Expand or strengthen training capacity.,SK014 shows meaningful observed demand with limited local training capacity.
Satara,PRIORITY_SKILL,PRV030,0.883,16,0,HIGH_PRIORITY,Expand or strengthen training capacity.,PRV030 shows meaningful observed demand with limited local training capacity.
Satara,PRIORITY_SKILL,PRV044,0.883,16,0,HIGH_PRIORITY,Expand or strengthen training capacity.,PRV044 shows meaningful observed demand with limited local training capacity.
Satara,PRIORITY_SKILL,PRV050,0.883,16,0,HIGH_PRIORITY,Expand or strengthen training capacity.,PRV050 shows meaningful observed demand with limited local training capacity.
Sindhudurg,PRIORITY_SKILL,SK029,1.0,12,0,HIGH_PRIORITY,Expand or strengthen training capacity.,SK029 shows meaningful observed demand with limited local training capacity.
Sindhudurg,PRIORITY_SKILL,SK030,0.971,11,0,HIGH_PRIORITY,Expand or strengthen training capacity.,SK030 shows meaningful observed demand with limited local training capacity.
Sindhudurg,PRIORITY_SKILL,SK027,0.942,10,0,HIGH_PRIORITY,Expand or strengthen training capacity.,SK027 shows meaningful observed demand with limited local training capacity.
Sindhudurg,PRIORITY_SKILL,SK028,0.942,10,0,HIGH_PRIORITY,Expand or strengthen training capacity.,SK028 shows meaningful observed demand with limited local training capacity.
Sindhudurg,PRIORITY_SKILL,SK032,0.912,9,0,HIGH_PRIORITY,Expand or strengthen training capacity.,SK032 shows meaningful observed demand with limited local training capacity.
Sindhudurg,PRIORITY_SKILL,SK026,0.883,8,0,HIGH_PRIORITY,Expand or strengthen training capacity.,SK026 shows meaningful observed demand with limited local training capacity.
Sindhudurg,PRIORITY_SKILL,SK034,0.883,8,0,HIGH_PRIORITY,Expand or strengthen training capacity.,SK034 shows meaningful observed demand with limited local training capacity.
Sindhudurg,PRIORITY_SKILL,SK031,0.854,7,0,HIGH_PRIORITY,Expand or strengthen training capacity.,SK031 shows meaningful observed demand with limited local training capacity.
Sindhudurg,PRIORITY_SKILL,SK033,0.796,5,0,HIGH_PRIORITY,Expand or strengthen training capacity.,SK033 shows meaningful observed demand with limited local training capacity.
Sindhudurg,PRIORITY_SKILL,SK035,0.796,5,0,HIGH_PRIORITY,Expand or strengthen training capacity.,SK035 shows meaningful observed demand with limited local training capacity.
Solapur,PRIORITY_SKILL,SK008,1.0,42,0,HIGH_PRIORITY,Expand or strengthen training capacity.,SK008 shows meaningful observed demand with limited local training capacity.
Solapur,PRIORITY_SKILL,SK009,0.983,40,0,HIGH_PRIORITY,Expand or strengthen training capacity.,SK009 shows meaningful observed demand with limited local training capacity.
Solapur,PRIORITY_SKILL,SK011,0.983,40,0,HIGH_PRIORITY,Expand or strengthen training capacity.,SK011 shows meaningful observed demand with limited local training capacity.
Solapur,PRIORITY_SKILL,SK010,0.958,37,0,HIGH_PRIORITY,Expand or strengthen training capacity.,SK010 shows meaningful observed demand with limited local training capacity.
Solapur,PRIORITY_SKILL,SK024,0.942,35,0,HIGH_PRIORITY,Expand or strengthen training capacity.,SK024 shows meaningful observed demand with limited local training capacity.
Solapur,PRIORITY_SKILL,SK013,0.933,34,0,HIGH_PRIORITY,Expand or strengthen training capacity.,SK013 shows meaningful observed demand with limited local training capacity.
Solapur,PRIORITY_SKILL,SK018,0.933,34,0,HIGH_PRIORITY,Expand or strengthen training capacity.,SK018 shows meaningful observed demand with limited local training capacity.
Solapur,PRIORITY_SKILL,SK020,0.933,34,0,HIGH_PRIORITY,Expand or strengthen training capacity.,SK020 shows meaningful observed demand with limited local training capacity.
Solapur,PRIORITY_SKILL,SK030,0.933,34,0,HIGH_PRIORITY,Expand or strengthen training capacity.,SK030 shows meaningful observed demand with limited local training capacity.
Solapur,PRIORITY_SKILL,SK023,0.925,33,0,HIGH_PRIORITY,Expand or strengthen training capacity.,SK023 shows meaningful observed demand with limited local training capacity.
Thane,PRIORITY_SKILL,SK037,1.0,92,0,HIGH_PRIORITY,Expand or strengthen training capacity.,SK037 shows meaningful observed demand with limited local training capacity.
Thane,PRIORITY_SKILL,SK012,0.985,88,0,HIGH_PRIORITY,Expand or strengthen training capacity.,SK012 shows meaningful observed demand with limited local training capacity.
Thane,PRIORITY_SKILL,PRV003,0.981,87,0,HIGH_PRIORITY,Expand or strengthen training capacity.,PRV003 shows meaningful observed demand with limited local training capacity.
Thane,PRIORITY_SKILL,PRV013,0.981,87,0,HIGH_PRIORITY,Expand or strengthen training capacity.,PRV013 shows meaningful observed demand with limited local training capacity.
Thane,PRIORITY_SKILL,SK008,0.973,85,0,HIGH_PRIORITY,Expand or strengthen training capacity.,SK008 shows meaningful observed demand with limited local training capacity.
Thane,PRIORITY_SKILL,SK036,0.973,85,0,HIGH_PRIORITY,Expand or strengthen training capacity.,SK036 shows meaningful observed demand with limited local training capacity.
Thane,PRIORITY_SKILL,PRV005,0.97,84,0,HIGH_PRIORITY,Expand or strengthen training capacity.,PRV005 shows meaningful observed demand with limited local training capacity.
Thane,PRIORITY_SKILL,SK014,0.97,84,0,HIGH_PRIORITY,Expand or strengthen training capacity.,SK014 shows meaningful observed demand with limited local training capacity.
Thane,PRIORITY_SKILL,PRV009,0.966,83,0,HIGH_PRIORITY,Expand or strengthen training capacity.,PRV009 shows meaningful observed demand with limited local training capacity.
Thane,PRIORITY_SKILL,PRV012,0.966,83,0,HIGH_PRIORITY,Expand or strengthen training capacity.,PRV012 shows meaningful observed demand with limited local training capacity.
Wardha,PRIORITY_SKILL,SK035,1.0,14,0,HIGH_PRIORITY,Expand or strengthen training capacity.,SK035 shows meaningful observed demand with limited local training capacity.
Wardha,PRIORITY_SKILL,SK032,0.975,13,0,HIGH_PRIORITY,Expand or strengthen training capacity.,SK032 shows meaningful observed demand with limited local training capacity.
Wardha,PRIORITY_SKILL,SK033,0.975,13,0,HIGH_PRIORITY,Expand or strengthen training capacity.,SK033 shows meaningful observed demand with limited local training capacity.
Wardha,PRIORITY_SKILL,SK034,0.975,13,0,HIGH_PRIORITY,Expand or strengthen training capacity.,SK034 shows meaningful observed demand with limited local training capacity.
Wardha,PRIORITY_SKILL,SK031,0.95,12,0,HIGH_PRIORITY,Expand or strengthen training capacity.,SK031 shows meaningful observed demand with limited local training capacity.
Wardha,PRIORITY_SKILL,SK028,0.85,8,0,HIGH_PRIORITY,Expand or strengthen training capacity.,SK028 shows meaningful observed demand with limited local training capacity.
Wardha,PRIORITY_SKILL,SK030,0.85,8,0,HIGH_PRIORITY,Expand or strengthen training capacity.,SK030 shows meaningful observed demand with limited local training capacity.
Wardha,PRIORITY_SKILL,SK026,0.825,7,0,HIGH_PRIORITY,Expand or strengthen training capacity.,SK026 shows meaningful observed demand with limited local training capacity.
Wardha,PRIORITY_SKILL,SK027,0.825,7,0,HIGH_PRIORITY,Expand or strengthen training capacity.,SK027 shows meaningful observed demand with limited local training capacity.
Wardha,PRIORITY_SKILL,SK029,0.65,9,2,HIGH_PRIORITY,Expand or strengthen training capacity.,SK029 shows meaningful observed demand with limited local training capacity.
Washim,PRIORITY_SKILL,PRV007,1.0,2,0,HIGH_PRIORITY,Expand or strengthen training capacity.,PRV007 shows meaningful observed demand with limited local training capacity.
Washim,PRIORITY_SKILL,PRV017,1.0,2,0,HIGH_PRIORITY,Expand or strengthen training capacity.,PRV017 shows meaningful observed demand with limited local training capacity.
Washim,PRIORITY_SKILL,PRV024,1.0,2,0,HIGH_PRIORITY,Expand or strengthen training capacity.,PRV024 shows meaningful observed demand with limited local training capacity.
Washim,PRIORITY_SKILL,PRV025,1.0,2,0,HIGH_PRIORITY,Expand or strengthen training capacity.,PRV025 shows meaningful observed demand with limited local training capacity.
Washim,PRIORITY_SKILL,PRV027,1.0,2,0,HIGH_PRIORITY,Expand or strengthen training capacity.,PRV027 shows meaningful observed demand with limited local training capacity.
Washim,PRIORITY_SKILL,PRV029,1.0,2,0,HIGH_PRIORITY,Expand or strengthen training capacity.,PRV029 shows meaningful observed demand with limited local training capacity.
Washim,PRIORITY_SKILL,SK026,1.0,2,0,HIGH_PRIORITY,Expand or strengthen training capacity.,SK026 shows meaningful observed demand with limited local training capacity.
Washim,PRIORITY_SKILL,SK027,1.0,2,0,HIGH_PRIORITY,Expand or strengthen training capacity.,SK027 shows meaningful observed demand with limited local training capacity.
Washim,PRIORITY_SKILL,SK029,1.0,2,0,HIGH_PRIORITY,Expand or strengthen training capacity.,SK029 shows meaningful observed demand with limited local training capacity.
Washim,PRIORITY_SKILL,SK030,1.0,2,0,HIGH_PRIORITY,Expand or strengthen training capacity.,SK030 shows meaningful observed demand with limited local training capacity.
Yavatmal,PRIORITY_SKILL,PRV062,1.0,5,0,HIGH_PRIORITY,Expand or strengthen training capacity.,PRV062 shows meaningful observed demand with limited local training capacity.
Yavatmal,PRIORITY_SKILL,PRV058,0.93,4,0,HIGH_PRIORITY,Expand or strengthen training capacity.,PRV058 shows meaningful observed demand with limited local training capacity.
Yavatmal,PRIORITY_SKILL,PRV061,0.93,4,0,HIGH_PRIORITY,Expand or strengthen training capacity.,PRV061 shows meaningful observed demand with limited local training capacity.
Yavatmal,PRIORITY_SKILL,PRV068,0.93,4,0,HIGH_PRIORITY,Expand or strengthen training capacity.,PRV068 shows meaningful observed demand with limited local training capacity.
Yavatmal,PRIORITY_SKILL,PRV051,0.86,3,0,HIGH_PRIORITY,Expand or strengthen training capacity.,PRV051 shows meaningful observed demand with limited local training capacity.
Yavatmal,PRIORITY_SKILL,PRV053,0.86,3,0,HIGH_PRIORITY,Expand or strengthen training capacity.,PRV053 shows meaningful observed demand with limited local training capacity.
Yavatmal,PRIORITY_SKILL,PRV055,0.86,3,0,HIGH_PRIORITY,Expand or strengthen training capacity.,PRV055 shows meaningful observed demand with limited local training capacity.
Yavatmal,PRIORITY_SKILL,PRV056,0.86,3,0,HIGH_PRIORITY,Expand or strengthen training capacity.,PRV056 shows meaningful observed demand with limited local training capacity.
Yavatmal,PRIORITY_SKILL,PRV060,0.86,3,0,HIGH_PRIORITY,Expand or strengthen training capacity.,PRV060 shows meaningful observed demand with limited local training capacity.
Yavatmal,PRIORITY_SKILL,PRV063,0.86,3,0,HIGH_PRIORITY,Expand or strengthen training capacity.,PRV063 shows meaningful observed demand with limited local training capacity.
