skill_id,skill,skill_family,skill_sector,demand_job_count,demand_role_count,demand_district_count,demand_industry_count,avg_salary_monthly_inr,avg_automation_risk_pct,emerging_job_count,stable_job_count,declining_job_count,emerging_share,stable_share,declining_share,skill_demand_trend_signal,training_program_count,training_iti_count,training_district_count,allocated_skill_seats,effective_placed_seat_proxy,weighted_avg_placement_rate_pct,source_mismatch_flags,skill_seat_proxy_per_job,jobs_per_allocated_skill_seat,training_capacity_signal
SK057,SQL,Data & Databases,Electronics & IoT,1172.0,9.0,10.0,1.0,59450.51194539249,0.0,0.0,0.0,0.0,0.0,0.0,0.0,MIXED_STABLE,0.0,0.0,0.0,0.0,0.0,0.0,,0.0,0.0,NO_RECORDED_TRAINING_SUPPLY
SK065,Git,Software Development,Electronics & IoT,1119.0,9.0,10.0,1.0,58409.29401251117,0.0,0.0,0.0,0.0,0.0,0.0,0.0,MIXED_STABLE,0.0,0.0,0.0,0.0,0.0,0.0,,0.0,0.0,NO_RECORDED_TRAINING_SUPPLY
SK056,Python,Programming,Electronics & IoT,942.0,7.0,10.0,1.0,58387.47346072187,0.0,0.0,0.0,0.0,0.0,0.0,0.0,MIXED_STABLE,22.0,22.0,11.0,49.833333333333336,36.48266666666667,73.20936454849499,BALANCED | UNDERSUPPLY_HIGH_DEMAND,0.05290162774239208,18.903010033444815,VERY_LOW_SUPPLY_RELATIVE_TO_DEMAND
SK006,GTAW/TIG Welding,Welding & Fabrication,Advanced Manufacturing,605.0,1.0,26.0,1.0,29402.479338842975,20.0,0.0,605.0,0.0,0.0,1.0,0.0,MIXED_STABLE,29.0,25.0,14.0,299.26666666666665,162.73686666666666,54.37854756070394,BALANCED | UNDERSUPPLY_HIGH_DEMAND,0.49465564738292006,2.0216083760302963,LOW_SUPPLY_RELATIVE_TO_DEMAND
SK001,PLC Programming & Configuration,Industrial Automation,Advanced Manufacturing,595.0,1.0,26.0,1.0,28047.899159663866,15.0,595.0,0.0,0.0,1.0,0.0,0.0,EMERGING,38.0,36.0,17.0,241.36666666666667,143.57216666666667,59.483013395939786,BALANCED | UNDERSUPPLY_HIGH_DEMAND,0.4056582633053221,2.465129125811352,LOW_SUPPLY_RELATIVE_TO_DEMAND
SK011,Radiographic Testing,NDT & Quality,Advanced Manufacturing,595.0,1.0,25.0,1.0,29420.168067226892,20.0,0.0,595.0,0.0,0.0,1.0,0.0,MIXED_STABLE,0.0,0.0,0.0,0.0,0.0,0.0,,0.0,0.0,NO_RECORDED_TRAINING_SUPPLY
SK003,VFD Configuration,Industrial Automation,Advanced Manufacturing,594.0,1.0,27.0,1.0,28005.892255892257,15.0,594.0,0.0,0.0,1.0,0.0,0.0,EMERGING,0.0,0.0,0.0,0.0,0.0,0.0,,0.0,0.0,NO_RECORDED_TRAINING_SUPPLY
SK010,Bevel Edge Preparation,Welding & Fabrication,Advanced Manufacturing,593.0,1.0,28.0,1.0,29346.54300168634,20.0,0.0,593.0,0.0,0.0,1.0,0.0,MIXED_STABLE,0.0,0.0,0.0,0.0,0.0,0.0,,0.0,0.0,NO_RECORDED_TRAINING_SUPPLY
SK012,Surface Grinding,Precision Manufacturing,Advanced Manufacturing,592.0,1.0,28.0,1.0,29898.64864864865,19.0,0.0,592.0,0.0,0.0,1.0,0.0,MIXED_STABLE,0.0,0.0,0.0,0.0,0.0,0.0,,0.0,0.0,NO_RECORDED_TRAINING_SUPPLY
SK004,Industrial Electrical Systems,Industrial Electrical,Advanced Manufacturing,591.0,1.0,25.0,1.0,28220.812182741116,15.0,591.0,0.0,0.0,1.0,0.0,0.0,EMERGING,0.0,0.0,0.0,0.0,0.0,0.0,,0.0,0.0,NO_RECORDED_TRAINING_SUPPLY
SK008,Gas Purging,Welding & Fabrication,Advanced Manufacturing,587.0,1.0,28.0,1.0,29360.3066439523,20.0,0.0,587.0,0.0,0.0,1.0,0.0,MIXED_STABLE,0.0,0.0,0.0,0.0,0.0,0.0,,0.0,0.0,NO_RECORDED_TRAINING_SUPPLY
SK002,PLC Troubleshooting,Industrial Automation,Advanced Manufacturing,585.0,1.0,27.0,1.0,28137.606837606836,15.0,585.0,0.0,0.0,1.0,0.0,0.0,EMERGING,0.0,0.0,0.0,0.0,0.0,0.0,,0.0,0.0,NO_RECORDED_TRAINING_SUPPLY
SK013,Injection Mould Assembly,Tooling & Moulding,Advanced Manufacturing,583.0,1.0,27.0,1.0,30098.627787307032,19.0,0.0,583.0,0.0,0.0,1.0,0.0,MIXED_STABLE,0.0,0.0,0.0,0.0,0.0,0.0,,0.0,0.0,NO_RECORDED_TRAINING_SUPPLY
SK009,Stainless Steel Welding,Welding & Fabrication,Advanced Manufacturing,582.0,1.0,28.0,1.0,29439.862542955325,20.0,0.0,582.0,0.0,0.0,1.0,0.0,MIXED_STABLE,0.0,0.0,0.0,0.0,0.0,0.0,,0.0,0.0,NO_RECORDED_TRAINING_SUPPLY
SK014,EDM Wire-Cut Operation,Precision Manufacturing,Advanced Manufacturing,582.0,1.0,27.0,1.0,29978.522336769758,19.0,0.0,582.0,0.0,0.0,1.0,0.0,MIXED_STABLE,0.0,0.0,0.0,0.0,0.0,0.0,,0.0,0.0,NO_RECORDED_TRAINING_SUPPLY
SK005,Electrical Schematic Reading,Industrial Electrical,Advanced Manufacturing,579.0,1.0,27.0,1.0,28054.40414507772,15.0,579.0,0.0,0.0,1.0,0.0,0.0,EMERGING,0.0,0.0,0.0,0.0,0.0,0.0,,0.0,0.0,NO_RECORDED_TRAINING_SUPPLY
SK015,CNC Controller Operation,CNC Manufacturing,Advanced Manufacturing,578.0,1.0,29.0,1.0,25281.14186851211,38.0,0.0,578.0,0.0,0.0,1.0,0.0,MIXED_STABLE,20.0,20.0,12.0,122.5,74.3265,60.674693877551015,BALANCED,0.21193771626297578,4.718367346938775,VERY_LOW_SUPPLY_RELATIVE_TO_DEMAND
PRV001,Die Spotting Press Verification,,,577.0,1.0,27.0,1.0,29857.8856152513,19.0,0.0,577.0,0.0,0.0,1.0,0.0,MIXED_STABLE,0.0,0.0,0.0,0.0,0.0,0.0,,0.0,0.0,NO_RECORDED_TRAINING_SUPPLY
SK024,Optical Profile Measurement,Quality & Metrology,Advanced Manufacturing,573.0,1.0,26.0,1.0,24863.87434554974,32.0,573.0,0.0,0.0,1.0,0.0,0.0,EMERGING,0.0,0.0,0.0,0.0,0.0,0.0,,0.0,0.0,NO_RECORDED_TRAINING_SUPPLY
SK016,CNC Cycle Setup,CNC Manufacturing,Advanced Manufacturing,566.0,1.0,27.0,1.0,25241.166077738515,38.0,0.0,566.0,0.0,0.0,1.0,0.0,MIXED_STABLE,0.0,0.0,0.0,0.0,0.0,0.0,,0.0,0.0,NO_RECORDED_TRAINING_SUPPLY
SK025,CAD/CAM Toolpath Reading,CAD/CAM,Advanced Manufacturing,566.0,1.0,28.0,1.0,29766.78445229682,19.0,0.0,566.0,0.0,0.0,1.0,0.0,MIXED_STABLE,0.0,0.0,0.0,0.0,0.0,0.0,,0.0,0.0,NO_RECORDED_TRAINING_SUPPLY
SK022,Statistical Process Control,Quality & Metrology,Advanced Manufacturing,564.0,1.0,25.0,1.0,24896.27659574468,32.0,564.0,0.0,0.0,1.0,0.0,0.0,EMERGING,17.0,17.0,10.0,27.333333333333332,19.806,72.46097560975609,UNDERSUPPLY_HIGH_DEMAND,0.04846335697399527,20.634146341463417,VERY_LOW_SUPPLY_RELATIVE_TO_DEMAND
SK020,Coordinate Measuring Machine,CMM & Inspection,Advanced Manufacturing,558.0,1.0,25.0,1.0,24881.720430107525,32.0,558.0,0.0,0.0,1.0,0.0,0.0,EMERGING,0.0,0.0,0.0,0.0,0.0,0.0,,0.0,0.0,NO_RECORDED_TRAINING_SUPPLY
SK021,Geometric Dimensioning & Tolerancing,Quality & Metrology,Advanced Manufacturing,558.0,1.0,25.0,1.0,24954.301075268817,32.0,558.0,0.0,0.0,1.0,0.0,0.0,EMERGING,0.0,0.0,0.0,0.0,0.0,0.0,,0.0,0.0,NO_RECORDED_TRAINING_SUPPLY
SK018,Tool Offset Calibration,CNC Manufacturing,Advanced Manufacturing,556.0,1.0,29.0,1.0,25182.553956834534,38.0,0.0,556.0,0.0,0.0,1.0,0.0,MIXED_STABLE,20.0,20.0,12.0,122.5,74.3265,60.674693877551015,BALANCED,0.22032374100719423,4.538775510204082,VERY_LOW_SUPPLY_RELATIVE_TO_DEMAND
SK023,Defect Logging,Quality & Metrology,Advanced Manufacturing,555.0,1.0,25.0,1.0,25005.405405405407,32.0,555.0,0.0,0.0,1.0,0.0,0.0,EMERGING,0.0,0.0,0.0,0.0,0.0,0.0,,0.0,0.0,NO_RECORDED_TRAINING_SUPPLY
SK019,Metrology,Quality & Metrology,Advanced Manufacturing,554.0,1.0,29.0,1.0,25340.25270758123,38.0,0.0,554.0,0.0,0.0,1.0,0.0,MIXED_STABLE,0.0,0.0,0.0,0.0,0.0,0.0,,0.0,0.0,NO_RECORDED_TRAINING_SUPPLY
SK017,CNC Programming,CNC Manufacturing,Advanced Manufacturing,553.0,1.0,28.0,1.0,25152.80289330922,38.0,0.0,553.0,0.0,0.0,1.0,0.0,MIXED_STABLE,20.0,20.0,12.0,122.5,74.3265,60.674693877551015,BALANCED,0.22151898734177214,4.514285714285714,VERY_LOW_SUPPLY_RELATIVE_TO_DEMAND
JOB_RAW::REST API,REST API,,,520.0,4.0,10.0,1.0,55646.153846153844,0.0,0.0,0.0,0.0,0.0,0.0,0.0,MIXED_STABLE,0.0,0.0,0.0,0.0,0.0,0.0,,0.0,0.0,NO_RECORDED_TRAINING_SUPPLY
SK063,AWS,Cloud Computing,Electronics & IoT,519.0,4.0,10.0,1.0,64038.53564547206,0.0,0.0,0.0,0.0,0.0,0.0,0.0,MIXED_STABLE,0.0,0.0,0.0,0.0,0.0,0.0,,0.0,0.0,NO_RECORDED_TRAINING_SUPPLY
SK064,Linux,System Administration,Electronics & IoT,510.0,4.0,10.0,1.0,60752.94117647059,0.0,0.0,0.0,0.0,0.0,0.0,0.0,MIXED_STABLE,0.0,0.0,0.0,0.0,0.0,0.0,,0.0,0.0,NO_RECORDED_TRAINING_SUPPLY
SK058,Java,Programming,Electronics & IoT,501.0,4.0,10.0,1.0,55037.92415169661,0.0,0.0,0.0,0.0,0.0,0.0,0.0,MIXED_STABLE,0.0,0.0,0.0,0.0,0.0,0.0,,0.0,0.0,NO_RECORDED_TRAINING_SUPPLY
SK029,Net Metering,Solar Energy,Green Energy,478.0,1.0,33.0,1.0,23731.171548117156,14.0,478.0,0.0,0.0,1.0,0.0,0.0,EMERGING,0.0,0.0,0.0,0.0,0.0,0.0,,0.0,0.0,NO_RECORDED_TRAINING_SUPPLY
SK030,Electrical Earthing Testing,Electrical Safety,Green Energy,471.0,1.0,33.0,1.0,23677.28237791932,14.0,471.0,0.0,0.0,1.0,0.0,0.0,EMERGING,0.0,0.0,0.0,0.0,0.0,0.0,,0.0,0.0,NO_RECORDED_TRAINING_SUPPLY
SK026,PV System Wiring,Solar Energy,Green Energy,469.0,1.0,32.0,1.0,23624.733475479745,14.0,469.0,0.0,0.0,1.0,0.0,0.0,EMERGING,0.0,0.0,0.0,0.0,0.0,0.0,,0.0,0.0,NO_RECORDED_TRAINING_SUPPLY
SK027,MC4 Connector Crimping,Solar Energy,Green Energy,456.0,1.0,33.0,1.0,23653.508771929824,14.0,456.0,0.0,0.0,1.0,0.0,0.0,EMERGING,0.0,0.0,0.0,0.0,0.0,0.0,,0.0,0.0,NO_RECORDED_TRAINING_SUPPLY
SK028,Roof-Mounted Solar Installation,Solar Installation,Green Energy,456.0,1.0,33.0,1.0,23748.90350877193,14.0,456.0,0.0,0.0,1.0,0.0,0.0,EMERGING,0.0,0.0,0.0,0.0,0.0,0.0,,0.0,0.0,NO_RECORDED_TRAINING_SUPPLY
SK035,Gas Chromatography Sampling,Analytical Chemistry,Pharmaceuticals & Chemical,419.0,1.0,31.0,1.0,25912.887828162293,16.0,419.0,0.0,0.0,1.0,0.0,0.0,EMERGING,0.0,0.0,0.0,0.0,0.0,0.0,,0.0,0.0,NO_RECORDED_TRAINING_SUPPLY
SK031,SCADA Control Systems,Industrial Automation,Green Energy,412.0,1.0,30.0,1.0,26080.09708737864,16.0,412.0,0.0,0.0,1.0,0.0,0.0,EMERGING,0.0,0.0,0.0,0.0,0.0,0.0,,0.0,0.0,NO_RECORDED_TRAINING_SUPPLY
SK032,Anaerobic Digester Operations,Biogas Systems,Green Energy,410.0,1.0,30.0,1.0,26236.585365853658,16.0,410.0,0.0,0.0,1.0,0.0,0.0,EMERGING,0.0,0.0,0.0,0.0,0.0,0.0,,0.0,0.0,NO_RECORDED_TRAINING_SUPPLY
SK033,Biomethane Compressor Operation,Biogas Systems,Green Energy,403.0,1.0,29.0,1.0,26028.535980148885,16.0,403.0,0.0,0.0,1.0,0.0,0.0,EMERGING,0.0,0.0,0.0,0.0,0.0,0.0,,0.0,0.0,NO_RECORDED_TRAINING_SUPPLY
SK034,H2S Scrubber Maintenance,Biogas Systems,Green Energy,397.0,1.0,30.0,1.0,26008.816120906802,16.0,397.0,0.0,0.0,1.0,0.0,0.0,EMERGING,0.0,0.0,0.0,0.0,0.0,0.0,,0.0,0.0,NO_RECORDED_TRAINING_SUPPLY
SK062,Docker,DevOps,Electronics & IoT,397.0,3.0,10.0,1.0,69292.19143576827,0.0,0.0,0.0,0.0,0.0,0.0,0.0,MIXED_STABLE,0.0,0.0,0.0,0.0,0.0,0.0,,0.0,0.0,NO_RECORDED_TRAINING_SUPPLY
SK036,pH Neutralization Sampling,Chemical Processing,Pharmaceuticals & Chemical,395.0,1.0,25.0,1.0,25994.936708860758,18.0,0.0,395.0,0.0,0.0,1.0,0.0,MIXED_STABLE,0.0,0.0,0.0,0.0,0.0,0.0,,0.0,0.0,NO_RECORDED_TRAINING_SUPPLY
SK038,AGV Routing,Warehouse Automation,Logistics & Supply Chain,395.0,1.0,27.0,1.0,26758.227848101265,25.0,395.0,0.0,0.0,1.0,0.0,0.0,EMERGING,0.0,0.0,0.0,0.0,0.0,0.0,,0.0,0.0,NO_RECORDED_TRAINING_SUPPLY
SK039,Material Handling,Warehouse Operations,Logistics & Supply Chain,395.0,1.0,28.0,1.0,19783.54430379747,40.0,0.0,395.0,0.0,0.0,1.0,0.0,MIXED_STABLE,0.0,0.0,0.0,0.0,0.0,0.0,,0.0,0.0,NO_RECORDED_TRAINING_SUPPLY
SK037,Centrifuge Operation,Chemical Processing,Pharmaceuticals & Chemical,394.0,1.0,23.0,1.0,25835.02538071066,18.0,0.0,394.0,0.0,0.0,1.0,0.0,MIXED_STABLE,0.0,0.0,0.0,0.0,0.0,0.0,,0.0,0.0,NO_RECORDED_TRAINING_SUPPLY
SK040,Conveyor Sortation,Warehouse Automation,Logistics & Supply Chain,394.0,1.0,26.0,1.0,26761.421319796955,25.0,394.0,0.0,0.0,1.0,0.0,0.0,EMERGING,0.0,0.0,0.0,0.0,0.0,0.0,,0.0,0.0,NO_RECORDED_TRAINING_SUPPLY
PRV002,SMT Feeder Setup & Component Loading,,,392.0,1.0,30.0,1.0,25289.54081632653,28.0,392.0,0.0,0.0,1.0,0.0,0.0,EMERGING,0.0,0.0,0.0,0.0,0.0,0.0,,0.0,0.0,NO_RECORDED_TRAINING_SUPPLY
PRV003,Hazardous Material Handling & MSDS Compliance,,,391.0,1.0,24.0,1.0,26053.7084398977,18.0,0.0,391.0,0.0,0.0,1.0,0.0,MIXED_STABLE,0.0,0.0,0.0,0.0,0.0,0.0,,0.0,0.0,NO_RECORDED_TRAINING_SUPPLY
PRV004,Automated Optical Inspection (AOI),,,389.0,1.0,31.0,1.0,25100.25706940874,28.0,389.0,0.0,0.0,1.0,0.0,0.0,EMERGING,0.0,0.0,0.0,0.0,0.0,0.0,,0.0,0.0,NO_RECORDED_TRAINING_SUPPLY
PRV005,Dock Leveler Maneuvering,,,385.0,1.0,27.0,1.0,19723.376623376622,40.0,0.0,385.0,0.0,0.0,1.0,0.0,MIXED_STABLE,0.0,0.0,0.0,0.0,0.0,0.0,,0.0,0.0,NO_RECORDED_TRAINING_SUPPLY
PRV006,Barcode Scanning & Bin Staging,,,381.0,1.0,29.0,1.0,19864.82939632546,40.0,0.0,381.0,0.0,0.0,1.0,0.0,MIXED_STABLE,0.0,0.0,0.0,0.0,0.0,0.0,,0.0,0.0,NO_RECORDED_TRAINING_SUPPLY
PRV007,Electric Battery Charging Safety,,,379.0,1.0,27.0,1.0,19758.575197889182,40.0,0.0,379.0,0.0,0.0,1.0,0.0,MIXED_STABLE,0.0,0.0,0.0,0.0,0.0,0.0,,0.0,0.0,NO_RECORDED_TRAINING_SUPPLY
PRV008,IPC-A-610 Workmanship Standard,,,378.0,1.0,31.0,1.0,25235.449735449736,28.0,378.0,0.0,0.0,1.0,0.0,0.0,EMERGING,0.0,0.0,0.0,0.0,0.0,0.0,,0.0,0.0,NO_RECORDED_TRAINING_SUPPLY
PRV009,Solder Paste Stencil Printer Setup,,,378.0,1.0,28.0,1.0,25167.989417989418,28.0,378.0,0.0,0.0,1.0,0.0,0.0,EMERGING,0.0,0.0,0.0,0.0,0.0,0.0,,0.0,0.0,NO_RECORDED_TRAINING_SUPPLY
PRV010,Radio Frequency (RF) Scanner Audits,,,377.0,1.0,27.0,1.0,26663.129973474803,25.0,377.0,0.0,0.0,1.0,0.0,0.0,EMERGING,0.0,0.0,0.0,0.0,0.0,0.0,,0.0,0.0,NO_RECORDED_TRAINING_SUPPLY
PRV011,Reflow Oven Temperature Profiling,,,377.0,1.0,31.0,1.0,25193.63395225464,28.0,377.0,0.0,0.0,1.0,0.0,0.0,EMERGING,0.0,0.0,0.0,0.0,0.0,0.0,,0.0,0.0,NO_RECORDED_TRAINING_SUPPLY
PRV012,Vacuum Distillation Column Control,,,377.0,1.0,24.0,1.0,25887.267904509285,18.0,0.0,377.0,0.0,0.0,1.0,0.0,MIXED_STABLE,0.0,0.0,0.0,0.0,0.0,0.0,,0.0,0.0,NO_RECORDED_TRAINING_SUPPLY
PRV013,Batch Chemical Reactor Charging,,,375.0,1.0,24.0,1.0,26025.333333333332,18.0,0.0,375.0,0.0,0.0,1.0,0.0,MIXED_STABLE,0.0,0.0,0.0,0.0,0.0,0.0,,0.0,0.0,NO_RECORDED_TRAINING_SUPPLY
JOB_RAW::Networking,Networking,,,373.0,3.0,10.0,1.0,57571.04557640751,0.0,0.0,0.0,0.0,0.0,0.0,0.0,MIXED_STABLE,0.0,0.0,0.0,0.0,0.0,0.0,,0.0,0.0,NO_RECORDED_TRAINING_SUPPLY
PRV014,E-Way Bill & Dispatch Manifest Generation,,,373.0,1.0,27.0,1.0,26690.34852546917,25.0,373.0,0.0,0.0,1.0,0.0,0.0,EMERGING,0.0,0.0,0.0,0.0,0.0,0.0,,0.0,0.0,NO_RECORDED_TRAINING_SUPPLY
PRV015,Exception Parcel Rerouting,,,372.0,1.0,27.0,1.0,26755.37634408602,25.0,372.0,0.0,0.0,1.0,0.0,0.0,EMERGING,0.0,0.0,0.0,0.0,0.0,0.0,,0.0,0.0,NO_RECORDED_TRAINING_SUPPLY
PRV016,In-Process Disintegration & Hardness Test,,,372.0,1.0,25.0,1.0,24525.537634408603,16.0,0.0,372.0,0.0,0.0,1.0,0.0,MIXED_STABLE,0.0,0.0,0.0,0.0,0.0,0.0,,0.0,0.0,NO_RECORDED_TRAINING_SUPPLY
PRV017,High-Mast Reach Stacking (11m),,,371.0,1.0,27.0,1.0,19804.58221024259,40.0,0.0,371.0,0.0,0.0,1.0,0.0,MIXED_STABLE,0.0,0.0,0.0,0.0,0.0,0.0,,0.0,0.0,NO_RECORDED_TRAINING_SUPPLY
PRV018,cGMP Compliance & Cleanroom Protocol,,,369.0,1.0,24.0,1.0,24330.62330623306,16.0,0.0,369.0,0.0,0.0,1.0,0.0,MIXED_STABLE,0.0,0.0,0.0,0.0,0.0,0.0,,0.0,0.0,NO_RECORDED_TRAINING_SUPPLY
PRV019,WMS (Warehouse Management System),,,368.0,1.0,26.0,1.0,24797.554347826088,17.0,368.0,0.0,0.0,1.0,0.0,0.0,EMERGING,0.0,0.0,0.0,0.0,0.0,0.0,,0.0,0.0,NO_RECORDED_TRAINING_SUPPLY
PRV020,Rotary Tablet Press Tooling Setup,,,365.0,1.0,25.0,1.0,24279.45205479452,16.0,0.0,365.0,0.0,0.0,1.0,0.0,MIXED_STABLE,0.0,0.0,0.0,0.0,0.0,0.0,,0.0,0.0,NO_RECORDED_TRAINING_SUPPLY
PRV021,Fluidized Bed Dryer (FBD) Operation,,,361.0,1.0,24.0,1.0,24063.71191135734,16.0,0.0,361.0,0.0,0.0,1.0,0.0,MIXED_STABLE,0.0,0.0,0.0,0.0,0.0,0.0,,0.0,0.0,NO_RECORDED_TRAINING_SUPPLY
PRV022,4-20mA Current Loop Calibration,,,360.0,1.0,29.0,1.0,30933.333333333332,11.0,360.0,0.0,0.0,1.0,0.0,0.0,EMERGING,0.0,0.0,0.0,0.0,0.0,0.0,,0.0,0.0,NO_RECORDED_TRAINING_SUPPLY
PRV023,Batch Manufacturing Record (BMR) Logging,,,359.0,1.0,22.0,1.0,24363.509749303623,16.0,0.0,359.0,0.0,0.0,1.0,0.0,MIXED_STABLE,0.0,0.0,0.0,0.0,0.0,0.0,,0.0,0.0,NO_RECORDED_TRAINING_SUPPLY
PRV024,Reefer Vehicle Pre-cooling Check,,,353.0,1.0,25.0,1.0,24851.27478753541,17.0,353.0,0.0,0.0,1.0,0.0,0.0,EMERGING,0.0,0.0,0.0,0.0,0.0,0.0,,0.0,0.0,NO_RECORDED_TRAINING_SUPPLY
PRV025,Temperature Logger Data Auditing,,,351.0,1.0,26.0,1.0,24890.31339031339,17.0,351.0,0.0,0.0,1.0,0.0,0.0,EMERGING,0.0,0.0,0.0,0.0,0.0,0.0,,0.0,0.0,NO_RECORDED_TRAINING_SUPPLY
PRV026,MQTT Gateway Configuration,,,350.0,1.0,30.0,1.0,30747.14285714286,11.0,350.0,0.0,0.0,1.0,0.0,0.0,EMERGING,0.0,0.0,0.0,0.0,0.0,0.0,,0.0,0.0,NO_RECORDED_TRAINING_SUPPLY
PRV027,FIFO / Expiry Batch Quarantine,,,348.0,1.0,27.0,1.0,24829.02298850575,17.0,348.0,0.0,0.0,1.0,0.0,0.0,EMERGING,0.0,0.0,0.0,0.0,0.0,0.0,,0.0,0.0,NO_RECORDED_TRAINING_SUPPLY
PRV028,Modbus RTU & RS485 Cabling,,,346.0,1.0,29.0,1.0,31070.809248554913,11.0,346.0,0.0,0.0,1.0,0.0,0.0,EMERGING,0.0,0.0,0.0,0.0,0.0,0.0,,0.0,0.0,NO_RECORDED_TRAINING_SUPPLY
PRV029,Blast Freezer Docking Procedure,,,344.0,1.0,27.0,1.0,24750.0,17.0,344.0,0.0,0.0,1.0,0.0,0.0,EMERGING,0.0,0.0,0.0,0.0,0.0,0.0,,0.0,0.0,NO_RECORDED_TRAINING_SUPPLY
PRV030,CAN Bus Protocol Auditing,,,343.0,1.0,24.0,1.0,35655.97667638484,8.0,343.0,0.0,0.0,1.0,0.0,0.0,EMERGING,0.0,0.0,0.0,0.0,0.0,0.0,,0.0,0.0,NO_RECORDED_TRAINING_SUPPLY
PRV031,LoRaWAN Gateway Antenna Tuning,,,342.0,1.0,28.0,1.0,30972.222222222223,11.0,342.0,0.0,0.0,1.0,0.0,0.0,EMERGING,0.0,0.0,0.0,0.0,0.0,0.0,,0.0,0.0,NO_RECORDED_TRAINING_SUPPLY
PRV032,Vibration Sensor Mounting on Motors,,,341.0,1.0,30.0,1.0,30819.648093841643,11.0,341.0,0.0,0.0,1.0,0.0,0.0,EMERGING,0.0,0.0,0.0,0.0,0.0,0.0,,0.0,0.0,NO_RECORDED_TRAINING_SUPPLY
SK041,Robotics Programming,Industrial Robotics,Automotive & EV,338.0,1.0,22.0,1.0,28109.467455621303,18.0,338.0,0.0,0.0,1.0,0.0,0.0,EMERGING,19.0,19.0,11.0,49.2,38.159,77.5589430894309,UNDERSUPPLY_HIGH_DEMAND,0.1455621301775148,6.869918699186991,VERY_LOW_SUPPLY_RELATIVE_TO_DEMAND
PRV033,DC Fast Charger Diagnostics,,,337.0,1.0,25.0,1.0,35707.71513353116,8.0,337.0,0.0,0.0,1.0,0.0,0.0,EMERGING,0.0,0.0,0.0,0.0,0.0,0.0,,0.0,0.0,NO_RECORDED_TRAINING_SUPPLY
PRV034,Fixture Clamping Alignment,,,336.0,1.0,23.0,1.0,28098.214285714286,18.0,336.0,0.0,0.0,1.0,0.0,0.0,EMERGING,0.0,0.0,0.0,0.0,0.0,0.0,,0.0,0.0,NO_RECORDED_TRAINING_SUPPLY
PRV035,MIG/MAG Synergic Welding,,,336.0,1.0,23.0,1.0,28104.166666666668,18.0,336.0,0.0,0.0,1.0,0.0,0.0,EMERGING,0.0,0.0,0.0,0.0,0.0,0.0,,0.0,0.0,NO_RECORDED_TRAINING_SUPPLY
PRV036,BMS Firmware Flashing,,,333.0,1.0,27.0,1.0,27166.666666666668,12.0,333.0,0.0,0.0,1.0,0.0,0.0,EMERGING,0.0,0.0,0.0,0.0,0.0,0.0,,0.0,0.0,NO_RECORDED_TRAINING_SUPPLY
PRV037,Spatter Cleaning & Tip Replacement,,,333.0,1.0,24.0,1.0,28159.15915915916,18.0,333.0,0.0,0.0,1.0,0.0,0.0,EMERGING,0.0,0.0,0.0,0.0,0.0,0.0,,0.0,0.0,NO_RECORDED_TRAINING_SUPPLY
PRV038,Continuity Testing with Cirris,,,331.0,1.0,25.0,1.0,18438.066465256798,45.0,0.0,331.0,0.0,0.0,1.0,0.0,MIXED_STABLE,0.0,0.0,0.0,0.0,0.0,0.0,,0.0,0.0,NO_RECORDED_TRAINING_SUPPLY
PRV039,Weld Seam Visual Inspection,,,331.0,1.0,25.0,1.0,28157.099697885198,18.0,331.0,0.0,0.0,1.0,0.0,0.0,EMERGING,0.0,0.0,0.0,0.0,0.0,0.0,,0.0,0.0,NO_RECORDED_TRAINING_SUPPLY
PRV040,Wiring Diagram Reading,,,331.0,1.0,26.0,1.0,18564.954682779455,45.0,0.0,331.0,0.0,0.0,1.0,0.0,MIXED_STABLE,0.0,0.0,0.0,0.0,0.0,0.0,,0.0,0.0,NO_RECORDED_TRAINING_SUPPLY
PRV041,Inverter Motor Calibration,,,330.0,1.0,26.0,1.0,35807.57575757576,8.0,330.0,0.0,0.0,1.0,0.0,0.0,EMERGING,0.0,0.0,0.0,0.0,0.0,0.0,,0.0,0.0,NO_RECORDED_TRAINING_SUPPLY
PRV042,Sub-assembly Routing,,,328.0,1.0,24.0,1.0,18530.48780487805,45.0,0.0,328.0,0.0,0.0,1.0,0.0,MIXED_STABLE,0.0,0.0,0.0,0.0,0.0,0.0,,0.0,0.0,NO_RECORDED_TRAINING_SUPPLY
PRV043,Regenerative Braking Troubleshooting,,,325.0,1.0,25.0,1.0,35630.769230769234,8.0,325.0,0.0,0.0,1.0,0.0,0.0,EMERGING,0.0,0.0,0.0,0.0,0.0,0.0,,0.0,0.0,NO_RECORDED_TRAINING_SUPPLY
PRV044,Lithium-Ion Cell Sorting,,,322.0,1.0,27.0,1.0,27004.658385093167,12.0,322.0,0.0,0.0,1.0,0.0,0.0,EMERGING,0.0,0.0,0.0,0.0,0.0,0.0,,0.0,0.0,NO_RECORDED_TRAINING_SUPPLY
PRV045,Oscilloscope Waveform Analysis,,,322.0,1.0,24.0,1.0,35964.28571428572,8.0,322.0,0.0,0.0,1.0,0.0,0.0,EMERGING,0.0,0.0,0.0,0.0,0.0,0.0,,0.0,0.0,NO_RECORDED_TRAINING_SUPPLY
PRV046,Crimping & Terminal Pinning,,,321.0,1.0,26.0,1.0,18615.26479750779,45.0,0.0,321.0,0.0,0.0,1.0,0.0,MIXED_STABLE,0.0,0.0,0.0,0.0,0.0,0.0,,0.0,0.0,NO_RECORDED_TRAINING_SUPPLY
PRV047,Heat Shrink Sleeving,,,316.0,1.0,23.0,1.0,18496.835443037973,45.0,0.0,316.0,0.0,0.0,1.0,0.0,MIXED_STABLE,0.0,0.0,0.0,0.0,0.0,0.0,,0.0,0.0,NO_RECORDED_TRAINING_SUPPLY
PRV048,Spot Welding & Busbar Fastening,,,316.0,1.0,26.0,1.0,26840.189873417723,12.0,316.0,0.0,0.0,1.0,0.0,0.0,EMERGING,0.0,0.0,0.0,0.0,0.0,0.0,,0.0,0.0,NO_RECORDED_TRAINING_SUPPLY
PRV049,High-Voltage Isolation Testing,,,311.0,1.0,26.0,1.0,26967.845659163988,12.0,311.0,0.0,0.0,1.0,0.0,0.0,EMERGING,0.0,0.0,0.0,0.0,0.0,0.0,,0.0,0.0,NO_RECORDED_TRAINING_SUPPLY
PRV050,Thermal Runaway Protocols,,,311.0,1.0,25.0,1.0,27118.97106109325,12.0,311.0,0.0,0.0,1.0,0.0,0.0,EMERGING,0.0,0.0,0.0,0.0,0.0,0.0,,0.0,0.0,NO_RECORDED_TRAINING_SUPPLY
JOB_RAW::Pandas,Pandas,,,280.0,2.0,10.0,1.0,62353.57142857143,0.0,0.0,0.0,0.0,0.0,0.0,0.0,MIXED_STABLE,0.0,0.0,0.0,0.0,0.0,0.0,,0.0,0.0,NO_RECORDED_TRAINING_SUPPLY
JOB_RAW::PostgreSQL,PostgreSQL,,,268.0,2.0,10.0,1.0,63130.59701492537,0.0,0.0,0.0,0.0,0.0,0.0,0.0,MIXED_STABLE,0.0,0.0,0.0,0.0,0.0,0.0,,0.0,0.0,NO_RECORDED_TRAINING_SUPPLY
JOB_RAW::Spring Boot,Spring Boot,,,259.0,2.0,10.0,1.0,58305.019305019305,0.0,0.0,0.0,0.0,0.0,0.0,0.0,MIXED_STABLE,0.0,0.0,0.0,0.0,0.0,0.0,,0.0,0.0,NO_RECORDED_TRAINING_SUPPLY
SK059,JavaScript,Programming,Electronics & IoT,241.0,2.0,10.0,1.0,56390.041493775934,0.0,0.0,0.0,0.0,0.0,0.0,0.0,MIXED_STABLE,0.0,0.0,0.0,0.0,0.0,0.0,,0.0,0.0,NO_RECORDED_TRAINING_SUPPLY
SK060,React,Web Development,Electronics & IoT,241.0,2.0,10.0,1.0,56390.041493775934,0.0,0.0,0.0,0.0,0.0,0.0,0.0,MIXED_STABLE,0.0,0.0,0.0,0.0,0.0,0.0,,0.0,0.0,NO_RECORDED_TRAINING_SUPPLY
SK066,Power BI,Business Intelligence,Electronics & IoT,150.0,1.0,10.0,1.0,51433.333333333336,0.0,0.0,0.0,0.0,0.0,0.0,0.0,MIXED_STABLE,0.0,0.0,0.0,0.0,0.0,0.0,,0.0,0.0,NO_RECORDED_TRAINING_SUPPLY
SK067,Excel,Office Productivity,Legacy Administrative,150.0,1.0,10.0,1.0,51433.333333333336,0.0,0.0,0.0,0.0,0.0,0.0,0.0,MIXED_STABLE,0.0,0.0,0.0,0.0,0.0,0.0,,0.0,0.0,NO_RECORDED_TRAINING_SUPPLY
PRV051,Devanagari Font Keying (Shree-Lipi),,,146.0,1.0,28.0,1.0,14476.027397260274,82.0,0.0,0.0,146.0,0.0,0.0,1.0,DECLINING,0.0,0.0,0.0,0.0,0.0,0.0,,0.0,0.0,NO_RECORDED_TRAINING_SUPPLY
SK069,Desktop Publishing,Office Administration,Legacy Administrative,141.0,1.0,26.0,1.0,14429.078014184397,82.0,0.0,0.0,141.0,0.0,0.0,1.0,DECLINING,0.0,0.0,0.0,0.0,0.0,0.0,,0.0,0.0,NO_RECORDED_TRAINING_SUPPLY
PRV052,CorelDraw 12 Vector Tracing,,,140.0,1.0,28.0,1.0,14453.57142857143,82.0,0.0,0.0,140.0,0.0,0.0,1.0,DECLINING,0.0,0.0,0.0,0.0,0.0,0.0,,0.0,0.0,NO_RECORDED_TRAINING_SUPPLY
PRV053,Visiting Card Pamphlet Typesetting,,,140.0,1.0,25.0,1.0,14410.714285714286,82.0,0.0,0.0,140.0,0.0,0.0,1.0,DECLINING,0.0,0.0,0.0,0.0,0.0,0.0,,0.0,0.0,NO_RECORDED_TRAINING_SUPPLY
PRV054,Offset Master Printing Exposure,,,138.0,1.0,26.0,1.0,14500.0,82.0,0.0,0.0,138.0,0.0,0.0,1.0,DECLINING,0.0,0.0,0.0,0.0,0.0,0.0,,0.0,0.0,NO_RECORDED_TRAINING_SUPPLY
JOB_RAW::CI/CD,CI/CD,,,137.0,1.0,10.0,1.0,69416.05839416059,0.0,0.0,0.0,0.0,0.0,0.0,0.0,MIXED_STABLE,0.0,0.0,0.0,0.0,0.0,0.0,,0.0,0.0,NO_RECORDED_TRAINING_SUPPLY
JOB_RAW::Cybersecurity,Cybersecurity,,,135.0,1.0,10.0,1.0,58251.851851851854,0.0,0.0,0.0,0.0,0.0,0.0,0.0,MIXED_STABLE,0.0,0.0,0.0,0.0,0.0,0.0,,0.0,0.0,NO_RECORDED_TRAINING_SUPPLY
JOB_RAW::SIEM,SIEM,,,135.0,1.0,10.0,1.0,58251.851851851854,0.0,0.0,0.0,0.0,0.0,0.0,0.0,MIXED_STABLE,0.0,0.0,0.0,0.0,0.0,0.0,,0.0,0.0,NO_RECORDED_TRAINING_SUPPLY
PRV055,Paper Form Digitization,,,131.0,1.0,24.0,1.0,13583.969465648855,91.0,0.0,0.0,131.0,0.0,0.0,1.0,DECLINING,0.0,0.0,0.0,0.0,0.0,0.0,,0.0,0.0,NO_RECORDED_TRAINING_SUPPLY
JOB_RAW::NumPy,NumPy,,,130.0,1.0,10.0,1.0,74953.84615384616,0.0,0.0,0.0,0.0,0.0,0.0,0.0,MIXED_STABLE,0.0,0.0,0.0,0.0,0.0,0.0,,0.0,0.0,NO_RECORDED_TRAINING_SUPPLY
JOB_RAW::Scikit-learn,Scikit-learn,,,130.0,1.0,10.0,1.0,74953.84615384616,0.0,0.0,0.0,0.0,0.0,0.0,0.0,MIXED_STABLE,0.0,0.0,0.0,0.0,0.0,0.0,,0.0,0.0,NO_RECORDED_TRAINING_SUPPLY
PRV056,Alphanumeric Keyboarding 35 WPM,,,130.0,1.0,23.0,1.0,13526.923076923076,91.0,0.0,0.0,130.0,0.0,0.0,1.0,DECLINING,0.0,0.0,0.0,0.0,0.0,0.0,,0.0,0.0,NO_RECORDED_TRAINING_SUPPLY
PRV057,Cash Deposit Challan Submission,,,129.0,1.0,27.0,1.0,11961.24031007752,78.0,0.0,0.0,129.0,0.0,0.0,1.0,DECLINING,0.0,0.0,0.0,0.0,0.0,0.0,,0.0,0.0,NO_RECORDED_TRAINING_SUPPLY
PRV058,Manual Lettering Stencils,,,129.0,1.0,27.0,1.0,15147.286821705426,86.0,0.0,0.0,129.0,0.0,0.0,1.0,DECLINING,0.0,0.0,0.0,0.0,0.0,0.0,,0.0,0.0,NO_RECORDED_TRAINING_SUPPLY
PRV059,Physical Inward-Outward Register Entry,,,129.0,1.0,27.0,1.0,11988.372093023256,78.0,0.0,0.0,129.0,0.0,0.0,1.0,DECLINING,0.0,0.0,0.0,0.0,0.0,0.0,,0.0,0.0,NO_RECORDED_TRAINING_SUPPLY
PRV060,Photocopying & File Indexing,,,126.0,1.0,24.0,1.0,13511.904761904761,91.0,0.0,0.0,126.0,0.0,0.0,1.0,DECLINING,0.0,0.0,0.0,0.0,0.0,0.0,,0.0,0.0,NO_RECORDED_TRAINING_SUPPLY
PRV061,Rotring Pen Tracing Paper Inking,,,124.0,1.0,25.0,1.0,14995.967741935483,86.0,0.0,0.0,124.0,0.0,0.0,1.0,DECLINING,0.0,0.0,0.0,0.0,0.0,0.0,,0.0,0.0,NO_RECORDED_TRAINING_SUPPLY
PRV062,Geometric Orthographic Views Drawing,,,123.0,1.0,26.0,1.0,15166.666666666666,86.0,0.0,0.0,123.0,0.0,0.0,1.0,DECLINING,0.0,0.0,0.0,0.0,0.0,0.0,,0.0,0.0,NO_RECORDED_TRAINING_SUPPLY
PRV063,Mini-Drafter Isometric Projection,,,123.0,1.0,26.0,1.0,15211.382113821139,86.0,0.0,0.0,123.0,0.0,0.0,1.0,DECLINING,0.0,0.0,0.0,0.0,0.0,0.0,,0.0,0.0,NO_RECORDED_TRAINING_SUPPLY
SK061,Node.js,Backend Development,Electronics & IoT,123.0,1.0,10.0,1.0,62796.74796747968,0.0,0.0,0.0,0.0,0.0,0.0,0.0,MIXED_STABLE,0.0,0.0,0.0,0.0,0.0,0.0,,0.0,0.0,NO_RECORDED_TRAINING_SUPPLY
JOB_RAW::Windows Server,Windows Server,,,122.0,1.0,10.0,1.0,46942.62295081967,0.0,0.0,0.0,0.0,0.0,0.0,0.0,MIXED_STABLE,0.0,0.0,0.0,0.0,0.0,0.0,,0.0,0.0,NO_RECORDED_TRAINING_SUPPLY
PRV064,Courier Envelope Packing,,,121.0,1.0,26.0,1.0,12037.190082644629,78.0,0.0,0.0,121.0,0.0,0.0,1.0,DECLINING,0.0,0.0,0.0,0.0,0.0,0.0,,0.0,0.0,NO_RECORDED_TRAINING_SUPPLY
PRV065,Pantry Tea/Coffee Serving,,,120.0,1.0,25.0,1.0,12045.833333333334,78.0,0.0,0.0,120.0,0.0,0.0,1.0,DECLINING,0.0,0.0,0.0,0.0,0.0,0.0,,0.0,0.0,NO_RECORDED_TRAINING_SUPPLY
PRV066,Microsoft Word Typing,,,119.0,1.0,24.0,1.0,13567.226890756303,91.0,0.0,0.0,119.0,0.0,0.0,1.0,DECLINING,0.0,0.0,0.0,0.0,0.0,0.0,,0.0,0.0,NO_RECORDED_TRAINING_SUPPLY
JOB_RAW::CSS,CSS,,,118.0,1.0,10.0,1.0,49711.86440677966,0.0,0.0,0.0,0.0,0.0,0.0,0.0,MIXED_STABLE,0.0,0.0,0.0,0.0,0.0,0.0,,0.0,0.0,NO_RECORDED_TRAINING_SUPPLY
JOB_RAW::HTML,HTML,,,118.0,1.0,10.0,1.0,49711.86440677966,0.0,0.0,0.0,0.0,0.0,0.0,0.0,MIXED_STABLE,0.0,0.0,0.0,0.0,0.0,0.0,,0.0,0.0,NO_RECORDED_TRAINING_SUPPLY
PRV067,Basic Excel Sheet Cell Entry,,,118.0,1.0,23.0,1.0,13605.93220338983,91.0,0.0,0.0,118.0,0.0,0.0,1.0,DECLINING,0.0,0.0,0.0,0.0,0.0,0.0,,0.0,0.0,NO_RECORDED_TRAINING_SUPPLY
PRV068,Blue-Print Paper Ammonia Processing,,,116.0,1.0,25.0,1.0,15081.896551724138,86.0,0.0,0.0,116.0,0.0,0.0,1.0,DECLINING,0.0,0.0,0.0,0.0,0.0,0.0,,0.0,0.0,NO_RECORDED_TRAINING_SUPPLY
PRV069,Bank Passbook Printing,,,114.0,1.0,25.0,1.0,12021.929824561403,78.0,0.0,0.0,114.0,0.0,0.0,1.0,DECLINING,0.0,0.0,0.0,0.0,0.0,0.0,,0.0,0.0,NO_RECORDED_TRAINING_SUPPLY
JOB_RAW::API Testing,API Testing,,,105.0,1.0,10.0,1.0,51819.04761904762,0.0,0.0,0.0,0.0,0.0,0.0,0.0,MIXED_STABLE,0.0,0.0,0.0,0.0,0.0,0.0,,0.0,0.0,NO_RECORDED_TRAINING_SUPPLY
JOB_RAW::Selenium,Selenium,,,105.0,1.0,10.0,1.0,51819.04761904762,0.0,0.0,0.0,0.0,0.0,0.0,0.0,MIXED_STABLE,0.0,0.0,0.0,0.0,0.0,0.0,,0.0,0.0,NO_RECORDED_TRAINING_SUPPLY
SK025,CAD/CAM Toolpath Reading,,,0.0,0.0,0.0,0.0,0.0,0.0,0.0,0.0,0.0,0.0,0.0,0.0,,70.0,57.0,24.0,713.9666666666667,269.255,37.71254493673841,BALANCED | OVERSUPPLY_LOW_PLACEMENT,0.0,0.0,NO_DEMAND
TRAINING_RAW::measurement tools,measurement tools,,,0.0,0.0,0.0,0.0,0.0,0.0,0.0,0.0,0.0,0.0,0.0,0.0,,50.0,45.0,22.0,507.6666666666667,250.8809,49.41843072882469,BALANCED,0.0,0.0,NO_DEMAND
TRAINING_RAW::T-square drafting,T-square drafting,,,0.0,0.0,0.0,0.0,0.0,0.0,0.0,0.0,0.0,0.0,0.0,0.0,,26.0,26.0,17.0,314.8,55.593,17.659783989834814,BALANCED | OVERSUPPLY_LOW_PLACEMENT,0.0,0.0,NO_DEMAND
TRAINING_RAW::basic AutoCAD,basic AutoCAD,,,0.0,0.0,0.0,0.0,0.0,0.0,0.0,0.0,0.0,0.0,0.0,0.0,,26.0,26.0,17.0,314.8,55.593,17.659783989834814,BALANCED | OVERSUPPLY_LOW_PLACEMENT,0.0,0.0,NO_DEMAND
TRAINING_RAW::manual drawing board,manual drawing board,,,0.0,0.0,0.0,0.0,0.0,0.0,0.0,0.0,0.0,0.0,0.0,0.0,,26.0,26.0,17.0,314.8,55.593,17.659783989834814,BALANCED | OVERSUPPLY_LOW_PLACEMENT,0.0,0.0,NO_DEMAND
TRAINING_RAW::orthographic projection,orthographic projection,,,0.0,0.0,0.0,0.0,0.0,0.0,0.0,0.0,0.0,0.0,0.0,0.0,,26.0,26.0,17.0,314.8,55.593,17.659783989834814,BALANCED | OVERSUPPLY_LOW_PLACEMENT,0.0,0.0,NO_DEMAND
TRAINING_RAW::MS Office,MS Office,,,0.0,0.0,0.0,0.0,0.0,0.0,0.0,0.0,0.0,0.0,0.0,0.0,,29.0,29.0,19.0,308.0,41.9842,13.631233766233766,OVERSUPPLY_LOW_PLACEMENT,0.0,0.0,NO_DEMAND
TRAINING_RAW::basic internet browsing,basic internet browsing,,,0.0,0.0,0.0,0.0,0.0,0.0,0.0,0.0,0.0,0.0,0.0,0.0,,29.0,29.0,19.0,308.0,41.9842,13.631233766233766,OVERSUPPLY_LOW_PLACEMENT,0.0,0.0,NO_DEMAND
TRAINING_RAW::data formatting,data formatting,,,0.0,0.0,0.0,0.0,0.0,0.0,0.0,0.0,0.0,0.0,0.0,0.0,,29.0,29.0,19.0,308.0,41.9842,13.631233766233766,OVERSUPPLY_LOW_PLACEMENT,0.0,0.0,NO_DEMAND
TRAINING_RAW::tally basics,tally basics,,,0.0,0.0,0.0,0.0,0.0,0.0,0.0,0.0,0.0,0.0,0.0,0.0,,29.0,29.0,19.0,308.0,41.9842,13.631233766233766,OVERSUPPLY_LOW_PLACEMENT,0.0,0.0,NO_DEMAND
TRAINING_RAW::typing speed 40wpm,typing speed 40wpm,,,0.0,0.0,0.0,0.0,0.0,0.0,0.0,0.0,0.0,0.0,0.0,0.0,,29.0,29.0,19.0,308.0,41.9842,13.631233766233766,OVERSUPPLY_LOW_PLACEMENT,0.0,0.0,NO_DEMAND
SK030,Electrical Earthing Testing,,,0.0,0.0,0.0,0.0,0.0,0.0,0.0,0.0,0.0,0.0,0.0,0.0,,42.0,42.0,18.0,297.76666666666665,174.99556666666666,58.76936079704467,BALANCED | UNDERSUPPLY_HIGH_DEMAND,0.0,0.0,NO_DEMAND
TRAINING_RAW::PPE compliance,PPE compliance,,,0.0,0.0,0.0,0.0,0.0,0.0,0.0,0.0,0.0,0.0,0.0,0.0,,22.0,22.0,13.0,278.6,147.4512,52.92577171572146,BALANCED,0.0,0.0,NO_DEMAND
TRAINING_RAW::SMAW,SMAW,,,0.0,0.0,0.0,0.0,0.0,0.0,0.0,0.0,0.0,0.0,0.0,0.0,,22.0,22.0,13.0,278.6,147.4512,52.92577171572146,BALANCED,0.0,0.0,NO_DEMAND
TRAINING_RAW::distortion control,distortion control,,,0.0,0.0,0.0,0.0,0.0,0.0,0.0,0.0,0.0,0.0,0.0,0.0,,22.0,22.0,13.0,278.6,147.4512,52.92577171572146,BALANCED,0.0,0.0,NO_DEMAND
TRAINING_RAW::weld inspection,weld inspection,,,0.0,0.0,0.0,0.0,0.0,0.0,0.0,0.0,0.0,0.0,0.0,0.0,,22.0,22.0,13.0,278.6,147.4512,52.92577171572146,BALANCED,0.0,0.0,NO_DEMAND
TRAINING_RAW::assembly & fitting,assembly & fitting,,,0.0,0.0,0.0,0.0,0.0,0.0,0.0,0.0,0.0,0.0,0.0,0.0,,24.0,24.0,14.0,276.6666666666667,139.3355,50.36222891566265,BALANCED,0.0,0.0,NO_DEMAND
TRAINING_RAW::bench work,bench work,,,0.0,0.0,0.0,0.0,0.0,0.0,0.0,0.0,0.0,0.0,0.0,0.0,,24.0,24.0,14.0,276.6666666666667,139.3355,50.36222891566265,BALANCED,0.0,0.0,NO_DEMAND
TRAINING_RAW::surface finishing,surface finishing,,,0.0,0.0,0.0,0.0,0.0,0.0,0.0,0.0,0.0,0.0,0.0,0.0,,24.0,24.0,14.0,276.6666666666667,139.3355,50.36222891566265,BALANCED,0.0,0.0,NO_DEMAND
TRAINING_RAW::thread cutting,thread cutting,,,0.0,0.0,0.0,0.0,0.0,0.0,0.0,0.0,0.0,0.0,0.0,0.0,,24.0,24.0,14.0,276.6666666666667,139.3355,50.36222891566265,BALANCED,0.0,0.0,NO_DEMAND
TRAINING_RAW::boring & drilling,boring & drilling,,,0.0,0.0,0.0,0.0,0.0,0.0,0.0,0.0,0.0,0.0,0.0,0.0,,26.0,26.0,15.0,231.0,111.5454,48.28805194805195,BALANCED,0.0,0.0,NO_DEMAND
TRAINING_RAW::coolant management,coolant management,,,0.0,0.0,0.0,0.0,0.0,0.0,0.0,0.0,0.0,0.0,0.0,0.0,,26.0,26.0,15.0,231.0,111.5454,48.28805194805195,BALANCED,0.0,0.0,NO_DEMAND
TRAINING_RAW::lathe operation,lathe operation,,,0.0,0.0,0.0,0.0,0.0,0.0,0.0,0.0,0.0,0.0,0.0,0.0,,26.0,26.0,15.0,231.0,111.5454,48.28805194805195,BALANCED,0.0,0.0,NO_DEMAND
TRAINING_RAW::turning & facing,turning & facing,,,0.0,0.0,0.0,0.0,0.0,0.0,0.0,0.0,0.0,0.0,0.0,0.0,,26.0,26.0,15.0,231.0,111.5454,48.28805194805195,BALANCED,0.0,0.0,NO_DEMAND
TRAINING_RAW::loom maintenance,loom maintenance,,,0.0,0.0,0.0,0.0,0.0,0.0,0.0,0.0,0.0,0.0,0.0,0.0,,24.0,24.0,13.0,214.6,29.0076,13.517054986020504,OVERSUPPLY_LOW_PLACEMENT,0.0,0.0,NO_DEMAND
TRAINING_RAW::power loom setup,power loom setup,,,0.0,0.0,0.0,0.0,0.0,0.0,0.0,0.0,0.0,0.0,0.0,0.0,,24.0,24.0,13.0,214.6,29.0076,13.517054986020504,OVERSUPPLY_LOW_PLACEMENT,0.0,0.0,NO_DEMAND
TRAINING_RAW::quality grading,quality grading,,,0.0,0.0,0.0,0.0,0.0,0.0,0.0,0.0,0.0,0.0,0.0,0.0,,24.0,24.0,13.0,214.6,29.0076,13.517054986020504,OVERSUPPLY_LOW_PLACEMENT,0.0,0.0,NO_DEMAND
TRAINING_RAW::shuttle changeover,shuttle changeover,,,0.0,0.0,0.0,0.0,0.0,0.0,0.0,0.0,0.0,0.0,0.0,0.0,,24.0,24.0,13.0,214.6,29.0076,13.517054986020504,OVERSUPPLY_LOW_PLACEMENT,0.0,0.0,NO_DEMAND
TRAINING_RAW::warp/weft threading,warp/weft threading,,,0.0,0.0,0.0,0.0,0.0,0.0,0.0,0.0,0.0,0.0,0.0,0.0,,24.0,24.0,13.0,214.6,29.0076,13.517054986020504,OVERSUPPLY_LOW_PLACEMENT,0.0,0.0,NO_DEMAND
SK026,PV System Wiring,,,0.0,0.0,0.0,0.0,0.0,0.0,0.0,0.0,0.0,0.0,0.0,0.0,,19.0,19.0,11.0,192.16666666666666,105.41316666666667,54.85507372072854,BALANCED,0.0,0.0,NO_DEMAND
TRAINING_RAW::electrical drawings,electrical drawings,,,0.0,0.0,0.0,0.0,0.0,0.0,0.0,0.0,0.0,0.0,0.0,0.0,,19.0,19.0,11.0,192.16666666666666,105.41316666666667,54.85507372072854,BALANCED,0.0,0.0,NO_DEMAND
TRAINING_RAW::motor winding,motor winding,,,0.0,0.0,0.0,0.0,0.0,0.0,0.0,0.0,0.0,0.0,0.0,0.0,,19.0,19.0,11.0,192.16666666666666,105.41316666666667,54.85507372072854,BALANCED,0.0,0.0,NO_DEMAND
TRAINING_RAW::safety regulations,safety regulations,,,0.0,0.0,0.0,0.0,0.0,0.0,0.0,0.0,0.0,0.0,0.0,0.0,,19.0,19.0,11.0,192.16666666666666,105.41316666666667,54.85507372072854,BALANCED,0.0,0.0,NO_DEMAND
TRAINING_RAW::bindery operations,bindery operations,,,0.0,0.0,0.0,0.0,0.0,0.0,0.0,0.0,0.0,0.0,0.0,0.0,,29.0,29.0,19.0,186.6,22.0004,11.790139335476956,OVERSUPPLY_LOW_PLACEMENT,0.0,0.0,NO_DEMAND
TRAINING_RAW::color registration,color registration,,,0.0,0.0,0.0,0.0,0.0,0.0,0.0,0.0,0.0,0.0,0.0,0.0,,29.0,29.0,19.0,186.6,22.0004,11.790139335476956,OVERSUPPLY_LOW_PLACEMENT,0.0,0.0,NO_DEMAND
TRAINING_RAW::ink mixing,ink mixing,,,0.0,0.0,0.0,0.0,0.0,0.0,0.0,0.0,0.0,0.0,0.0,0.0,,29.0,29.0,19.0,186.6,22.0004,11.790139335476956,OVERSUPPLY_LOW_PLACEMENT,0.0,0.0,NO_DEMAND
TRAINING_RAW::offset press operation,offset press operation,,,0.0,0.0,0.0,0.0,0.0,0.0,0.0,0.0,0.0,0.0,0.0,0.0,,29.0,29.0,19.0,186.6,22.0004,11.790139335476956,OVERSUPPLY_LOW_PLACEMENT,0.0,0.0,NO_DEMAND
TRAINING_RAW::plate burning,plate burning,,,0.0,0.0,0.0,0.0,0.0,0.0,0.0,0.0,0.0,0.0,0.0,0.0,,29.0,29.0,19.0,186.6,22.0004,11.790139335476956,OVERSUPPLY_LOW_PLACEMENT,0.0,0.0,NO_DEMAND
SK070,Shorthand,,,0.0,0.0,0.0,0.0,0.0,0.0,0.0,0.0,0.0,0.0,0.0,0.0,,23.0,23.0,12.0,173.6,19.1226,11.015322580645162,OVERSUPPLY_LOW_PLACEMENT,0.0,0.0,NO_DEMAND
TRAINING_RAW::MS Word,MS Word,,,0.0,0.0,0.0,0.0,0.0,0.0,0.0,0.0,0.0,0.0,0.0,0.0,,23.0,23.0,12.0,173.6,19.1226,11.015322580645162,OVERSUPPLY_LOW_PLACEMENT,0.0,0.0,NO_DEMAND
TRAINING_RAW::basic correspondence,basic correspondence,,,0.0,0.0,0.0,0.0,0.0,0.0,0.0,0.0,0.0,0.0,0.0,0.0,,23.0,23.0,12.0,173.6,19.1226,11.015322580645162,OVERSUPPLY_LOW_PLACEMENT,0.0,0.0,NO_DEMAND
TRAINING_RAW::filing systems,filing systems,,,0.0,0.0,0.0,0.0,0.0,0.0,0.0,0.0,0.0,0.0,0.0,0.0,,23.0,23.0,12.0,173.6,19.1226,11.015322580645162,OVERSUPPLY_LOW_PLACEMENT,0.0,0.0,NO_DEMAND
TRAINING_RAW::typing speed 60wpm,typing speed 60wpm,,,0.0,0.0,0.0,0.0,0.0,0.0,0.0,0.0,0.0,0.0,0.0,0.0,,23.0,23.0,12.0,173.6,19.1226,11.015322580645162,OVERSUPPLY_LOW_PLACEMENT,0.0,0.0,NO_DEMAND
TRAINING_RAW::pipe fitting,pipe fitting,,,0.0,0.0,0.0,0.0,0.0,0.0,0.0,0.0,0.0,0.0,0.0,0.0,,24.0,24.0,19.0,156.0,65.421,41.93653846153846,BALANCED,0.0,0.0,NO_DEMAND
TRAINING_RAW::plumbing drawings,plumbing drawings,,,0.0,0.0,0.0,0.0,0.0,0.0,0.0,0.0,0.0,0.0,0.0,0.0,,24.0,24.0,19.0,156.0,65.421,41.93653846153846,BALANCED,0.0,0.0,NO_DEMAND
TRAINING_RAW::pressure testing,pressure testing,,,0.0,0.0,0.0,0.0,0.0,0.0,0.0,0.0,0.0,0.0,0.0,0.0,,24.0,24.0,19.0,156.0,65.421,41.93653846153846,BALANCED,0.0,0.0,NO_DEMAND
TRAINING_RAW::sanitary installation,sanitary installation,,,0.0,0.0,0.0,0.0,0.0,0.0,0.0,0.0,0.0,0.0,0.0,0.0,,24.0,24.0,19.0,156.0,65.421,41.93653846153846,BALANCED,0.0,0.0,NO_DEMAND
TRAINING_RAW::water treatment basics,water treatment basics,,,0.0,0.0,0.0,0.0,0.0,0.0,0.0,0.0,0.0,0.0,0.0,0.0,,24.0,24.0,19.0,156.0,65.421,41.93653846153846,BALANCED,0.0,0.0,NO_DEMAND
TRAINING_RAW::AMC documentation,AMC documentation,,,0.0,0.0,0.0,0.0,0.0,0.0,0.0,0.0,0.0,0.0,0.0,0.0,,25.0,25.0,17.0,140.5,72.94633333333333,51.919098457888495,BALANCED,0.0,0.0,NO_DEMAND
TRAINING_RAW::BMS controls,BMS controls,,,0.0,0.0,0.0,0.0,0.0,0.0,0.0,0.0,0.0,0.0,0.0,0.0,,25.0,25.0,17.0,140.5,72.94633333333333,51.919098457888495,BALANCED,0.0,0.0,NO_DEMAND
TRAINING_RAW::VRF systems,VRF systems,,,0.0,0.0,0.0,0.0,0.0,0.0,0.0,0.0,0.0,0.0,0.0,0.0,,25.0,25.0,17.0,140.5,72.94633333333333,51.919098457888495,BALANCED,0.0,0.0,NO_DEMAND
TRAINING_RAW::electrical troubleshooting,electrical troubleshooting,,,0.0,0.0,0.0,0.0,0.0,0.0,0.0,0.0,0.0,0.0,0.0,0.0,,25.0,25.0,17.0,140.5,72.94633333333333,51.919098457888495,BALANCED,0.0,0.0,NO_DEMAND
TRAINING_RAW::gas charging,gas charging,,,0.0,0.0,0.0,0.0,0.0,0.0,0.0,0.0,0.0,0.0,0.0,0.0,,25.0,25.0,17.0,140.5,72.94633333333333,51.919098457888495,BALANCED,0.0,0.0,NO_DEMAND
TRAINING_RAW::refrigerant handling,refrigerant handling,,,0.0,0.0,0.0,0.0,0.0,0.0,0.0,0.0,0.0,0.0,0.0,0.0,,25.0,25.0,17.0,140.5,72.94633333333333,51.919098457888495,BALANCED,0.0,0.0,NO_DEMAND
SK050,AI Quality Inspection,Industrial AI,Automotive & EV,0.0,0.0,0.0,0.0,0.0,0.0,0.0,0.0,0.0,0.0,0.0,0.0,,20.0,20.0,12.0,122.5,74.3265,60.674693877551015,BALANCED,0.0,0.0,NO_DEMAND
TRAINING_RAW::tolerance measurement,tolerance measurement,,,0.0,0.0,0.0,0.0,0.0,0.0,0.0,0.0,0.0,0.0,0.0,0.0,,20.0,20.0,12.0,122.5,74.3265,60.674693877551015,BALANCED,0.0,0.0,NO_DEMAND
SK028,Roof-Mounted Solar Installation,,,0.0,0.0,0.0,0.0,0.0,0.0,0.0,0.0,0.0,0.0,0.0,0.0,,23.0,23.0,13.0,105.6,69.58239999999999,65.89242424242424,BALANCED | UNDERSUPPLY_HIGH_DEMAND,0.0,0.0,NO_DEMAND
SK029,Net Metering,,,0.0,0.0,0.0,0.0,0.0,0.0,0.0,0.0,0.0,0.0,0.0,0.0,,23.0,23.0,13.0,105.6,69.58239999999999,65.89242424242424,BALANCED | UNDERSUPPLY_HIGH_DEMAND,0.0,0.0,NO_DEMAND
TRAINING_RAW::DC cabling,DC cabling,,,0.0,0.0,0.0,0.0,0.0,0.0,0.0,0.0,0.0,0.0,0.0,0.0,,23.0,23.0,13.0,105.6,69.58239999999999,65.89242424242424,BALANCED | UNDERSUPPLY_HIGH_DEMAND,0.0,0.0,NO_DEMAND
TRAINING_RAW::string inverter commissioning,string inverter commissioning,,,0.0,0.0,0.0,0.0,0.0,0.0,0.0,0.0,0.0,0.0,0.0,0.0,,23.0,23.0,13.0,105.6,69.58239999999999,65.89242424242424,BALANCED | UNDERSUPPLY_HIGH_DEMAND,0.0,0.0,NO_DEMAND
TRAINING_RAW::FSSAI cold-chain norms,FSSAI cold-chain norms,,,0.0,0.0,0.0,0.0,0.0,0.0,0.0,0.0,0.0,0.0,0.0,0.0,,18.0,18.0,11.0,70.0,41.9356,59.90800000000001,BALANCED | UNDERSUPPLY_HIGH_DEMAND,0.0,0.0,NO_DEMAND
TRAINING_RAW::WMS software,WMS software,,,0.0,0.0,0.0,0.0,0.0,0.0,0.0,0.0,0.0,0.0,0.0,0.0,,18.0,18.0,11.0,70.0,41.9356,59.90800000000001,BALANCED | UNDERSUPPLY_HIGH_DEMAND,0.0,0.0,NO_DEMAND
TRAINING_RAW::inventory management,inventory management,,,0.0,0.0,0.0,0.0,0.0,0.0,0.0,0.0,0.0,0.0,0.0,0.0,,18.0,18.0,11.0,70.0,41.9356,59.90800000000001,BALANCED | UNDERSUPPLY_HIGH_DEMAND,0.0,0.0,NO_DEMAND
TRAINING_RAW::reefer truck ops,reefer truck ops,,,0.0,0.0,0.0,0.0,0.0,0.0,0.0,0.0,0.0,0.0,0.0,0.0,,18.0,18.0,11.0,70.0,41.9356,59.90800000000001,BALANCED | UNDERSUPPLY_HIGH_DEMAND,0.0,0.0,NO_DEMAND
TRAINING_RAW::temperature monitoring,temperature monitoring,,,0.0,0.0,0.0,0.0,0.0,0.0,0.0,0.0,0.0,0.0,0.0,0.0,,18.0,18.0,11.0,70.0,41.9356,59.90800000000001,BALANCED | UNDERSUPPLY_HIGH_DEMAND,0.0,0.0,NO_DEMAND
TRAINING_RAW::MQTT protocol,MQTT protocol,,,0.0,0.0,0.0,0.0,0.0,0.0,0.0,0.0,0.0,0.0,0.0,0.0,,22.0,22.0,11.0,49.833333333333336,36.48266666666667,73.20936454849499,BALANCED | UNDERSUPPLY_HIGH_DEMAND,0.0,0.0,NO_DEMAND
TRAINING_RAW::OPC-UA,OPC-UA,,,0.0,0.0,0.0,0.0,0.0,0.0,0.0,0.0,0.0,0.0,0.0,0.0,,22.0,22.0,11.0,49.833333333333336,36.48266666666667,73.20936454849499,BALANCED | UNDERSUPPLY_HIGH_DEMAND,0.0,0.0,NO_DEMAND
TRAINING_RAW::cloud dashboards,cloud dashboards,,,0.0,0.0,0.0,0.0,0.0,0.0,0.0,0.0,0.0,0.0,0.0,0.0,,22.0,22.0,11.0,49.833333333333336,36.48266666666667,73.20936454849499,BALANCED | UNDERSUPPLY_HIGH_DEMAND,0.0,0.0,NO_DEMAND
TRAINING_RAW::edge computing,edge computing,,,0.0,0.0,0.0,0.0,0.0,0.0,0.0,0.0,0.0,0.0,0.0,0.0,,22.0,22.0,11.0,49.833333333333336,36.48266666666667,73.20936454849499,BALANCED | UNDERSUPPLY_HIGH_DEMAND,0.0,0.0,NO_DEMAND
TRAINING_RAW::sensor calibration,sensor calibration,,,0.0,0.0,0.0,0.0,0.0,0.0,0.0,0.0,0.0,0.0,0.0,0.0,,22.0,22.0,11.0,49.833333333333336,36.48266666666667,73.20936454849499,BALANCED | UNDERSUPPLY_HIGH_DEMAND,0.0,0.0,NO_DEMAND
SK042,Industrial Robot Commissioning,Industrial Robotics,Automotive & EV,0.0,0.0,0.0,0.0,0.0,0.0,0.0,0.0,0.0,0.0,0.0,0.0,,19.0,19.0,11.0,49.2,38.159,77.5589430894309,UNDERSUPPLY_HIGH_DEMAND,0.0,0.0,NO_DEMAND
SK044,Servo Calibration,Industrial Automation,Automotive & EV,0.0,0.0,0.0,0.0,0.0,0.0,0.0,0.0,0.0,0.0,0.0,0.0,,19.0,19.0,11.0,49.2,38.159,77.5589430894309,UNDERSUPPLY_HIGH_DEMAND,0.0,0.0,NO_DEMAND
SK045,Pneumatic Systems,Pneumatics,Automotive & EV,0.0,0.0,0.0,0.0,0.0,0.0,0.0,0.0,0.0,0.0,0.0,0.0,,19.0,19.0,11.0,49.2,38.159,77.5589430894309,UNDERSUPPLY_HIGH_DEMAND,0.0,0.0,NO_DEMAND
TRAINING_RAW::DGCA certification,DGCA certification,,,0.0,0.0,0.0,0.0,0.0,0.0,0.0,0.0,0.0,0.0,0.0,0.0,,19.0,19.0,13.0,39.5,27.070833333333333,68.53375527426161,BALANCED | UNDERSUPPLY_HIGH_DEMAND,0.0,0.0,NO_DEMAND
TRAINING_RAW::GPS calibration,GPS calibration,,,0.0,0.0,0.0,0.0,0.0,0.0,0.0,0.0,0.0,0.0,0.0,0.0,,19.0,19.0,13.0,39.5,27.070833333333333,68.53375527426161,BALANCED | UNDERSUPPLY_HIGH_DEMAND,0.0,0.0,NO_DEMAND
TRAINING_RAW::drone maintenance,drone maintenance,,,0.0,0.0,0.0,0.0,0.0,0.0,0.0,0.0,0.0,0.0,0.0,0.0,,19.0,19.0,13.0,39.5,27.070833333333333,68.53375527426161,BALANCED | UNDERSUPPLY_HIGH_DEMAND,0.0,0.0,NO_DEMAND
TRAINING_RAW::flight planning,flight planning,,,0.0,0.0,0.0,0.0,0.0,0.0,0.0,0.0,0.0,0.0,0.0,0.0,,19.0,19.0,13.0,39.5,27.070833333333333,68.53375527426161,BALANCED | UNDERSUPPLY_HIGH_DEMAND,0.0,0.0,NO_DEMAND
TRAINING_RAW::geofencing,geofencing,,,0.0,0.0,0.0,0.0,0.0,0.0,0.0,0.0,0.0,0.0,0.0,0.0,,19.0,19.0,13.0,39.5,27.070833333333333,68.53375527426161,BALANCED | UNDERSUPPLY_HIGH_DEMAND,0.0,0.0,NO_DEMAND
TRAINING_RAW::payload operations,payload operations,,,0.0,0.0,0.0,0.0,0.0,0.0,0.0,0.0,0.0,0.0,0.0,0.0,,19.0,19.0,13.0,39.5,27.070833333333333,68.53375527426161,BALANCED | UNDERSUPPLY_HIGH_DEMAND,0.0,0.0,NO_DEMAND
SK043,EV Battery Technology,EV Systems,Automotive & EV,0.0,0.0,0.0,0.0,0.0,0.0,0.0,0.0,0.0,0.0,0.0,0.0,,20.0,20.0,11.0,31.166666666666668,20.262666666666668,65.01390374331551,UNDERSUPPLY_HIGH_DEMAND,0.0,0.0,NO_DEMAND
TRAINING_RAW::BIM awareness,BIM awareness,,,0.0,0.0,0.0,0.0,0.0,0.0,0.0,0.0,0.0,0.0,0.0,0.0,,20.0,20.0,11.0,31.166666666666668,20.262666666666668,65.01390374331551,UNDERSUPPLY_HIGH_DEMAND,0.0,0.0,NO_DEMAND
TRAINING_RAW::IGBC norms,IGBC norms,,,0.0,0.0,0.0,0.0,0.0,0.0,0.0,0.0,0.0,0.0,0.0,0.0,,20.0,20.0,11.0,31.166666666666668,20.262666666666668,65.01390374331551,UNDERSUPPLY_HIGH_DEMAND,0.0,0.0,NO_DEMAND
TRAINING_RAW::MEP coordination,MEP coordination,,,0.0,0.0,0.0,0.0,0.0,0.0,0.0,0.0,0.0,0.0,0.0,0.0,,20.0,20.0,11.0,31.166666666666668,20.262666666666668,65.01390374331551,UNDERSUPPLY_HIGH_DEMAND,0.0,0.0,NO_DEMAND
TRAINING_RAW::energy auditing basics,energy auditing basics,,,0.0,0.0,0.0,0.0,0.0,0.0,0.0,0.0,0.0,0.0,0.0,0.0,,20.0,20.0,11.0,31.166666666666668,20.262666666666668,65.01390374331551,UNDERSUPPLY_HIGH_DEMAND,0.0,0.0,NO_DEMAND
TRAINING_RAW::rainwater harvesting,rainwater harvesting,,,0.0,0.0,0.0,0.0,0.0,0.0,0.0,0.0,0.0,0.0,0.0,0.0,,20.0,20.0,11.0,31.166666666666668,20.262666666666668,65.01390374331551,UNDERSUPPLY_HIGH_DEMAND,0.0,0.0,NO_DEMAND
SK020,Coordinate Measuring Machine (CMM),,,0.0,0.0,0.0,0.0,0.0,0.0,0.0,0.0,0.0,0.0,0.0,0.0,,17.0,17.0,10.0,27.333333333333332,19.806,72.46097560975609,UNDERSUPPLY_HIGH_DEMAND,0.0,0.0,NO_DEMAND
SK048,Machine Vision,,,0.0,0.0,0.0,0.0,0.0,0.0,0.0,0.0,0.0,0.0,0.0,0.0,,17.0,17.0,10.0,27.333333333333332,19.806,72.46097560975609,UNDERSUPPLY_HIGH_DEMAND,0.0,0.0,NO_DEMAND
TRAINING_RAW::Python/ML awareness,Python/ML awareness,,,0.0,0.0,0.0,0.0,0.0,0.0,0.0,0.0,0.0,0.0,0.0,0.0,,17.0,17.0,10.0,27.333333333333332,19.806,72.46097560975609,UNDERSUPPLY_HIGH_DEMAND,0.0,0.0,NO_DEMAND
TRAINING_RAW::defect classification,defect classification,,,0.0,0.0,0.0,0.0,0.0,0.0,0.0,0.0,0.0,0.0,0.0,0.0,,17.0,17.0,10.0,27.333333333333332,19.806,72.46097560975609,UNDERSUPPLY_HIGH_DEMAND,0.0,0.0,NO_DEMAND
TRAINING_RAW::image annotation,image annotation,,,0.0,0.0,0.0,0.0,0.0,0.0,0.0,0.0,0.0,0.0,0.0,0.0,,17.0,17.0,10.0,27.333333333333332,19.806,72.46097560975609,UNDERSUPPLY_HIGH_DEMAND,0.0,0.0,NO_DEMAND
TRAINING_RAW::BMS calibration,BMS calibration,,,0.0,0.0,0.0,0.0,0.0,0.0,0.0,0.0,0.0,0.0,0.0,0.0,,7.0,7.0,7.0,20.666666666666664,15.285666666666666,73.96290322580646,BALANCED | UNDERSUPPLY_HIGH_DEMAND,0.0,0.0,NO_DEMAND
TRAINING_RAW::DC bus wiring,DC bus wiring,,,0.0,0.0,0.0,0.0,0.0,0.0,0.0,0.0,0.0,0.0,0.0,0.0,,7.0,7.0,7.0,20.666666666666664,15.285666666666666,73.96290322580646,BALANCED | UNDERSUPPLY_HIGH_DEMAND,0.0,0.0,NO_DEMAND
TRAINING_RAW::EV safety protocols,EV safety protocols,,,0.0,0.0,0.0,0.0,0.0,0.0,0.0,0.0,0.0,0.0,0.0,0.0,,7.0,7.0,7.0,20.666666666666664,15.285666666666666,73.96290322580646,BALANCED | UNDERSUPPLY_HIGH_DEMAND,0.0,0.0,NO_DEMAND
TRAINING_RAW::Li-ion cell handling,Li-ion cell handling,,,0.0,0.0,0.0,0.0,0.0,0.0,0.0,0.0,0.0,0.0,0.0,0.0,,7.0,7.0,7.0,20.666666666666664,15.285666666666666,73.96290322580646,BALANCED | UNDERSUPPLY_HIGH_DEMAND,0.0,0.0,NO_DEMAND
TRAINING_RAW::thermal management,thermal management,,,0.0,0.0,0.0,0.0,0.0,0.0,0.0,0.0,0.0,0.0,0.0,0.0,,7.0,7.0,7.0,20.666666666666664,15.285666666666666,73.96290322580646,BALANCED | UNDERSUPPLY_HIGH_DEMAND,0.0,0.0,NO_DEMAND
